NU_CNPJ;NO_PRESTADORA;DT_LANCAMENTO;DT_AGENDA_EE;NU_ESTACAO;SG_ESTACAO;NO_COMERCIAL_OBJETO;STATUS_OPERACAO;ORBITA_NGEO;QT_PLANO_NGEO;QT_CONSTELACAO_NGEO;AGENDA_EE_ANO
04399863000134;IRIDIUM SERVIÇOS DE SATÉLITES S.A;14/01/2017;01/01/2022;688912907;IRD;Iridium;OPERAÇÃO COMERCIAL;BAIXA (LEO);6;66;2022
11520057000138;ORBCOMM COMUNICAÇÕES VIA SATÉLITE LTDA;22/12/2015;01/01/2022;1000138639;OCM;Sistema Orbcomm;OPERAÇÃO COMERCIAL;BAIXA (LEO);11;11;2022
39523686000130;STARLINK BRAZIL HOLDING LTDA.;23/05/2019;01/01/2022;1012808979;SLK;Starlink;OPERAÇÃO COMERCIAL;BAIXA (LEO);190;2661;2022
03045840000169;NEW SKIES SATELLITES LTDA.;26/01/2013;01/01/2022;699550831;O3B;O3B;OPERAÇÃO COMERCIAL;MÉDIA (MEO);1;20;2022
03045840000169;NEW SKIES SATELLITES LTDA.;26/01/2013;01/01/2022;699550831;O3B;O3B;OPERAÇÃO COMERCIAL;MÉDIA (MEO);1;20;2022
03328651000101;GLOBALSTAR DO BRASIL HOLDINGS LTDA;06/02/2013;01/01/2022;1005323302;GBS;Sistema Globalstar;OPERAÇÃO COMERCIAL;BAIXA (LEO);8;48;2022
38029714000103;Swarm Brasil Satélites Ltda;08/09/2020;01/01/2022;1012874122;SWM;Swarm;OPERAÇÃO COMERCIAL;BAIXA (LEO);4;146;2022
04399863000134;IRIDIUM SERVIÇOS DE SATÉLITES S.A;14/01/2017;01/01/2023;688912907;IRD;Iridium;OPERAÇÃO COMERCIAL;BAIXA (LEO);6;66;2023
03045840000169;NEW SKIES SATELLITES LTDA.;26/01/2013;01/01/2023;699550831;O3B;O3B;OPERAÇÃO COMERCIAL;MÉDIA (MEO);1;20;2023
03045840000169;NEW SKIES SATELLITES LTDA.;26/01/2013;01/01/2023;699550831;O3B;O3B;OPERAÇÃO COMERCIAL;MÉDIA (MEO);1;20;2023
11520057000138;ORBCOMM COMUNICAÇÕES VIA SATÉLITE LTDA;22/12/2015;01/01/2023;1000138639;OCM;Sistema Orbcomm;OPERAÇÃO COMERCIAL;BAIXA (LEO);4;11;2023
39523686000130;STARLINK BRAZIL HOLDING LTDA.;23/05/2019;01/01/2023;1012808979;SLK;Starlink;OPERAÇÃO COMERCIAL;BAIXA (LEO);190;4408;2023
30396869000168;ONEWEB CAPACIDADE SATELITAL LTDA.;27/02/2019;01/01/2023;1014513410;OWB;Sistema Oneweb;EM MOVIMENTAÇÃO/TESTE IOT/OUTROS;BAIXA (LEO);18;636;2023
03328651000101;GLOBALSTAR DO BRASIL HOLDINGS LTDA;06/02/2013;01/01/2023;1005323302;GBS;Sistema Globalstar;OPERAÇÃO COMERCIAL;BAIXA (LEO);8;48;2023
38029714000103;Swarm Brasil Satélites Ltda;08/09/2020;01/01/2023;1012874122;SWM;Swarm;OPERAÇÃO COMERCIAL;BAIXA (LEO);4;150;2023
04399863000134;IRIDIUM SERVIÇOS DE SATÉLITES S.A;14/01/2017;01/01/2024;688912907;IRD;Iridium;OPERAÇÃO COMERCIAL;BAIXA (LEO);6;66;2024
30396869000168;ONEWEB CAPACIDADE SATELITAL LTDA.;27/02/2019;01/01/2024;1014513410;OWB;Sistema Oneweb;OPERAÇÃO COMERCIAL;BAIXA (LEO);18;634;2024
03045840000169;NEW SKIES SATELLITES LTDA.;26/01/2013;01/01/2024;699550831;O3B;O3B;OPERAÇÃO COMERCIAL;MÉDIA (MEO);1;20;2024
03045840000169;NEW SKIES SATELLITES LTDA.;26/01/2013;01/01/2024;699550831;O3B;O3B;OPERAÇÃO COMERCIAL;MÉDIA (MEO);1;20;2024
11520057000138;ORBCOMM COMUNICAÇÕES VIA SATÉLITE LTDA;22/12/2015;01/01/2024;1000138639;OCM;Sistema Orbcomm;OPERAÇÃO COMERCIAL;BAIXA (LEO);4;11;2024
07573115000114;VISUMTEC SERVICOS DE ENGENHARIA DE TELECOMUNICACAO E INFORMATICA LTDA;19/01/2018;01/01/2024;1015624399;KPL;Kepler;OPERAÇÃO COMERCIAL;BAIXA (LEO);6;16;2024
39523686000130;STARLINK BRAZIL HOLDING LTDA.;23/05/2019;01/01/2024;1012808979;SLK;Starlink;OPERAÇÃO COMERCIAL;BAIXA (LEO);190;4408;2024
03328651000101;GLOBALSTAR DO BRASIL HOLDINGS LTDA;06/02/2013;01/01/2024;1005323302;GBS;Sistema Globalstar;OPERAÇÃO COMERCIAL;BAIXA (LEO);8;48;2024
38029714000103;Swarm Brasil Satélites Ltda;08/09/2020;01/01/2024;1012874122;SWM;Swarm;OPERAÇÃO COMERCIAL;BAIXA (LEO);4;24;2024
30609326000181;OMNISPACE COMUNICACOES BRASIL LTDA;19/06/2001;01/01/2024;1015968241;OMN;Omnispace F2;EM MOVIMENTAÇÃO/TESTE IOT/OUTROS;MÉDIA (MEO);1;1;2024
30609326000181;OMNISPACE COMUNICACOES BRASIL LTDA;19/06/2001;01/01/2024;1015968241;OMN;Omnispace F2;EM MOVIMENTAÇÃO/TESTE IOT/OUTROS;MÉDIA (MEO);1;1;2024
30609326000181;OMNISPACE COMUNICACOES BRASIL LTDA;19/06/2001;01/01/2024;1015968241;OMN;Omnispace F2;EM MOVIMENTAÇÃO/TESTE IOT/OUTROS;MÉDIA (MEO);1;1;2024
30609326000181;OMNISPACE COMUNICACOES BRASIL LTDA;19/06/2001;01/01/2024;1015968241;OMN;Omnispace F2;EM MOVIMENTAÇÃO/TESTE IOT/OUTROS;MÉDIA (MEO);1;1;2024
30609326000181;OMNISPACE COMUNICACOES BRASIL LTDA;19/06/2001;01/01/2024;1015968241;OMN;Omnispace F2;EM MOVIMENTAÇÃO/TESTE IOT/OUTROS;MÉDIA (MEO);1;1;2024
30609326000181;OMNISPACE COMUNICACOES BRASIL LTDA;19/06/2001;01/01/2024;1015968241;OMN;Omnispace F2;EM MOVIMENTAÇÃO/TESTE IOT/OUTROS;MÉDIA (MEO);1;1;2024
30609326000181;OMNISPACE COMUNICACOES BRASIL LTDA;19/06/2001;01/01/2024;1015968241;OMN;Omnispace F2;EM MOVIMENTAÇÃO/TESTE IOT/OUTROS;MÉDIA (MEO);1;1;2024
04399863000134;IRIDIUM SERVIÇOS DE SATÉLITES S.A;14/01/2017;01/01/2025;688912907;IRD;Iridium;OPERAÇÃO COMERCIAL;BAIXA (LEO);6;66;2025
07573115000114;VISUMTEC SERVICOS DE ENGENHARIA DE TELECOMUNICACAO E INFORMATICA LTDA;19/01/2018;01/01/2025;1015624399;KPL;Kepler;OPERAÇÃO COMERCIAL;BAIXA (LEO);6;16;2025
30609326000181;OMNISPACE COMUNICACOES BRASIL LTDA;19/06/2001;01/01/2025;1015968241;OMN;Omnispace F2;EM MOVIMENTAÇÃO/TESTE IOT/OUTROS;MÉDIA (MEO);1;1;2025
30609326000181;OMNISPACE COMUNICACOES BRASIL LTDA;19/06/2001;01/01/2025;1015968241;OMN;Omnispace F2;EM MOVIMENTAÇÃO/TESTE IOT/OUTROS;MÉDIA (MEO);1;1;2025
30609326000181;OMNISPACE COMUNICACOES BRASIL LTDA;19/06/2001;01/01/2025;1015968241;OMN;Omnispace F2;EM MOVIMENTAÇÃO/TESTE IOT/OUTROS;MÉDIA (MEO);1;1;2025
30609326000181;OMNISPACE COMUNICACOES BRASIL LTDA;19/06/2001;01/01/2025;1015968241;OMN;Omnispace F2;EM MOVIMENTAÇÃO/TESTE IOT/OUTROS;MÉDIA (MEO);1;1;2025
30609326000181;OMNISPACE COMUNICACOES BRASIL LTDA;19/06/2001;01/01/2025;1015968241;OMN;Omnispace F2;EM MOVIMENTAÇÃO/TESTE IOT/OUTROS;MÉDIA (MEO);1;1;2025
30609326000181;OMNISPACE COMUNICACOES BRASIL LTDA;19/06/2001;01/01/2025;1015968241;OMN;Omnispace F2;EM MOVIMENTAÇÃO/TESTE IOT/OUTROS;MÉDIA (MEO);1;1;2025
30609326000181;OMNISPACE COMUNICACOES BRASIL LTDA;19/06/2001;01/01/2025;1015968241;OMN;Omnispace F2;EM MOVIMENTAÇÃO/TESTE IOT/OUTROS;MÉDIA (MEO);1;1;2025
39523686000130;STARLINK BRAZIL HOLDING LTDA.;23/05/2019;01/01/2025;1012808979;SLK;Starlink;OPERAÇÃO COMERCIAL;BAIXA (LEO);242;7184;2025
11520057000138;ORBCOMM COMUNICAÇÕES VIA SATÉLITE LTDA;22/12/2015;01/01/2025;1000138639;OCM;Sistema Orbcomm;OPERAÇÃO COMERCIAL;BAIXA (LEO);4;10;2025
30396869000168;ONEWEB CAPACIDADE SATELITAL LTDA.;27/02/2019;01/01/2025;1014513410;OWB;Sistema Oneweb;OPERAÇÃO COMERCIAL;BAIXA (LEO);18;654;2025
03045840000169;NEW SKIES SATELLITES LTDA.;26/01/2013;01/01/2025;699550831;O3B;O3B;OPERAÇÃO COMERCIAL;MÉDIA (MEO);1;20;2025
03045840000169;NEW SKIES SATELLITES LTDA.;26/01/2013;01/01/2025;699550831;O3B;O3B;OPERAÇÃO COMERCIAL;MÉDIA (MEO);1;20;2025
53144985000195;Myriota Brasil Ltda;03/01/2023;01/01/2025;1016735348;MYR;Sistema Myriota;EM MOVIMENTAÇÃO/TESTE IOT/OUTROS;BAIXA (LEO);87;208;2025
53144985000195;Myriota Brasil Ltda;03/01/2023;01/01/2025;1016735348;MYR;Sistema Myriota;EM MOVIMENTAÇÃO/TESTE IOT/OUTROS;BAIXA (LEO);87;208;2025
03328651000101;GLOBALSTAR DO BRASIL HOLDINGS LTDA;06/02/2013;01/01/2025;1005323302;GBS;Sistema Globalstar;OPERAÇÃO COMERCIAL;BAIXA (LEO);8;48;2025
47703140000190;KINEIS DO BRASIL LTDA.;07/10/2022;01/01/2026;1017059656;ARG;Sistema Argos-4A;EM MOVIMENTAÇÃO/TESTE IOT/OUTROS;BAIXA (LEO);1;2;2026
47703140000190;KINEIS DO BRASIL LTDA.;07/10/2022;01/01/2026;1017059656;ARG;Sistema Argos-4A;EM MOVIMENTAÇÃO/TESTE IOT/OUTROS;BAIXA (LEO);1;2;2026
47703140000190;KINEIS DO BRASIL LTDA.;20/06/2024;01/01/2026;1017059621;KNS;Sistema Kinéis;EM MOVIMENTAÇÃO/TESTE IOT/OUTROS;BAIXA (LEO);5;25;2026
47703140000190;KINEIS DO BRASIL LTDA.;20/06/2024;01/01/2026;1017059621;KNS;Sistema Kinéis;EM MOVIMENTAÇÃO/TESTE IOT/OUTROS;BAIXA (LEO);5;25;2026
30396869000168;ONEWEB CAPACIDADE SATELITAL LTDA.;27/02/2019;01/01/2026;1014513410;OWB;Sistema Oneweb;OPERAÇÃO COMERCIAL;BAIXA (LEO);18;654;2026
04399863000134;IRIDIUM SERVIÇOS DE SATÉLITES S.A;14/01/2017;01/01/2026;688912907;IRD;Iridium;OPERAÇÃO COMERCIAL;BAIXA (LEO);6;66;2026
03328651000101;GLOBALSTAR DO BRASIL HOLDINGS LTDA;06/02/2013;01/01/2026;1005323302;GBS;Sistema Globalstar;OPERAÇÃO COMERCIAL;BAIXA (LEO);8;48;2026
53144985000195;Myriota Brasil Ltda;03/01/2023;01/01/2026;1016735348;MYR;Sistema Myriota;EM MOVIMENTAÇÃO/TESTE IOT/OUTROS;BAIXA (LEO);87;208;2026
53144985000195;Myriota Brasil Ltda;03/01/2023;01/01/2026;1016735348;MYR;Sistema Myriota;EM MOVIMENTAÇÃO/TESTE IOT/OUTROS;BAIXA (LEO);87;208;2026
39523686000130;STARLINK BRAZIL HOLDING LTDA.;23/05/2019;01/01/2026;1012808979;SLK;Starlink;OPERAÇÃO COMERCIAL;BAIXA (LEO);430;9857;2026
11520057000138;ORBCOMM COMUNICAÇÕES VIA SATÉLITE LTDA;22/12/2015;01/01/2026;1000138639;OCM;Sistema Orbcomm;OPERAÇÃO COMERCIAL;BAIXA (LEO);4;8;2026
61708332000110;SATELIO IOT SERVICES BRASIL LTDA;16/08/2024;01/01/2026;1017628111;STL;sateliot;EM MOVIMENTAÇÃO/TESTE IOT/OUTROS;BAIXA (LEO);1;4;2026
03045840000169;NEW SKIES SATELLITES LTDA.;26/01/2013;01/01/2026;699550831;O3B;O3B;OPERAÇÃO COMERCIAL;MÉDIA (MEO);1;20;2026
03045840000169;NEW SKIES SATELLITES LTDA.;26/01/2013;01/01/2026;699550831;O3B;O3B;OPERAÇÃO COMERCIAL;MÉDIA (MEO);1;20;2026
44223070000184;AMAZON KUIPER BRASIL LTDA.;28/04/2025;01/01/2026;1016901680;KUI;Amazon Leo;EM MOVIMENTAÇÃO/TESTE IOT/OUTROS;BAIXA (LEO);98;364;2026
44223070000184;AMAZON KUIPER BRASIL LTDA.;28/04/2025;01/01/2026;1016901680;KUI;Amazon Leo;EM MOVIMENTAÇÃO/TESTE IOT/OUTROS;BAIXA (LEO);98;364;2026
44223070000184;AMAZON KUIPER BRASIL LTDA.;28/04/2025;01/01/2026;1016901680;KUI;Amazon Leo;EM MOVIMENTAÇÃO/TESTE IOT/OUTROS;BAIXA (LEO);98;364;2026
30609326000181;OMNISPACE COMUNICACOES BRASIL LTDA;19/06/2001;01/01/2026;1015968241;OMN;Omnispace F2;EM MOVIMENTAÇÃO/TESTE IOT/OUTROS;MÉDIA (MEO);1;1;2026
30609326000181;OMNISPACE COMUNICACOES BRASIL LTDA;19/06/2001;01/01/2026;1015968241;OMN;Omnispace F2;EM MOVIMENTAÇÃO/TESTE IOT/OUTROS;MÉDIA (MEO);1;1;2026
30609326000181;OMNISPACE COMUNICACOES BRASIL LTDA;19/06/2001;01/01/2026;1015968241;OMN;Omnispace F2;EM MOVIMENTAÇÃO/TESTE IOT/OUTROS;MÉDIA (MEO);1;1;2026
30609326000181;OMNISPACE COMUNICACOES BRASIL LTDA;19/06/2001;01/01/2026;1015968241;OMN;Omnispace F2;EM MOVIMENTAÇÃO/TESTE IOT/OUTROS;MÉDIA (MEO);1;1;2026
30609326000181;OMNISPACE COMUNICACOES BRASIL LTDA;19/06/2001;01/01/2026;1015968241;OMN;Omnispace F2;EM MOVIMENTAÇÃO/TESTE IOT/OUTROS;MÉDIA (MEO);1;1;2026
30609326000181;OMNISPACE COMUNICACOES BRASIL LTDA;19/06/2001;01/01/2026;1015968241;OMN;Omnispace F2;EM MOVIMENTAÇÃO/TESTE IOT/OUTROS;MÉDIA (MEO);1;1;2026
30609326000181;OMNISPACE COMUNICACOES BRASIL LTDA;19/06/2001;01/01/2026;1015968241;OMN;Omnispace F2;EM MOVIMENTAÇÃO/TESTE IOT/OUTROS;MÉDIA (MEO);1;1;2026
