Operadora (Operator);Satélite (Satellite);Posição Orbital (Orbital slot);Código do Direito (Code);Tipo de Direito (Type of landing right);Tipo (Type);Data (Date);Documento (Document);Publicação D.O.U (Official Gazette);SEI - Processos (Proceedings)
ABS SINGAPORE SATELLITE PTE. LTD.;ABS-3A;3ºO;-3KuC;Estrangeiro;Termo;06/05/2021;TERMO DE AUTORIZAÇÃO Nº 5/2021;10/06/2021;53500.002155/2015-09
ABS SINGAPORE SATELLITE PTE. LTD.;ABS-3A;3ºO;-3KuC;Estrangeiro;Ato;29/01/2021;Ato Nº 617/2021;01/02/2021;53500.002155/2015-09
ABS SINGAPORE SATELLITE PTE. LTD.;ABS-3A;3ºO;-3KuC;Estrangeiro;Ato;17/08/2020;Ato Nº 4.388/2020;18/08/2020;53500.002155/2015-09
ABS SINGAPORE SATELLITE PTE. LTD.;ABS-3A;3ºO;-3KuC;Estrangeiro;Ato;11/06/2019;Ato Nº 3.650/2019;03/07/2019;53500.002155/2015-09
ABS SINGAPORE SATELLITE PTE. LTD.;ABS-3A;3ºO;-3KuC;Estrangeiro;Ato;11/06/2019;Retificação Ato Nº 3.650/2019;22/07/2019;53500.002155/2015-09
ABS SINGAPORE SATELLITE PTE. LTD.;ABS-3A;3ºO;-3KuC;Estrangeiro;Termo;14/10/2016;Termo de Autorização Nº 192/2016;19/10/2016;53500.002155/2015-09
ABS SINGAPORE SATELLITE PTE. LTD.;ABS-3A;3ºO;-3KuC;Estrangeiro;Ato;11/12/2015;Ato Nº 6.683/2015;24/12/2015;53500.002155/2015-09
AST & SCIENCE, LLC;Sistema Spacemobile;NGEO;SMB-SQV;Estrangeiro;Ato;15/06/2026;Ato Nº 7955/2026;17/06/2026;53500.093979/2025-43
ASTRA (GB) LIMITED;Sistema O3B;NGEO;O3B-Ka;Estrangeiro;Ato;26/09/2025;Ato Nº 13720/2025;29/09/2025;53500.039992/2025-57
ASTRA (GB) LIMITED;Sistema O3B;NGEO;O3B-Ka;Estrangeiro;Ato;27/10/2023;Ato Nº 15282/2023;30/10/2023;53500.341758/2022-44
ASTRA (GB) LIMITED;Sistema O3B;NGEO;O3B-Ka;Estrangeiro;Ato;02/12/2022;Ato Nº 16427/2022;07/12/2022;53500.022176/2011-17
ASTRA (GB) LIMITED;Sistema O3B;NGEO;O3B-Ka;Estrangeiro;Ato;14/10/2022;Ato Nº 14517/2022;17/10/2022;53500.022176/2011-17
ASTRA (GB) LIMITED;Sistema O3B;NGEO;O3B-Ka;Estrangeiro;Ato;28/10/2021;Ato Nº 9538/2021;29/10/2021;53500.022176/2011-17
ASTRA (GB) LIMITED;Sistema O3B;NGEO;O3B-Ka;Estrangeiro;Ato;12/08/2019;Retificação Ato N° 2.197/2019;13/08/2019;53500.022176/2011-17
ASTRA (GB) LIMITED;Sistema O3B;NGEO;O3B-Ka;Estrangeiro;Ato;02/04/2019;Ato N° 2.197/2019;22/04/2019;53500.022176/2011-17
ASTRA (GB) LIMITED;Sistema O3B;NGEO;O3B-Ka;Estrangeiro;Termo;06/04/2015;Termo ORLE/SOR Nº 109/2015;-;53500.022176/2011
ASTRA (GB) LIMITED;Sistema O3B;NGEO;O3B-Ka;Estrangeiro;Ato;05/06/2014;Ato N° 5.772/2014;09/06/2014;53500.022176/2011-17
ASTRA (GB) LIMITED;Sistema O3B;NGEO;O3B-Ka;Estrangeiro;Ato;22/10/2013;Ato N° 6.366/2013;01/11/2013;53500.022176/2011-17
DIRECTV LATIN AMERICA LLC;SKY-B1;43,1ºO;-43,1KuKu30B;Estrangeiro;Ato;07/06/2023;Ato Nº 6975/2023;14/06/2023;53500.019972/2016-79
DIRECTV LATIN AMERICA LLC;SKY-B1;43,1ºO;-43,1KuKu30B;Estrangeiro;Ato;09/05/2023;Ato Nº 5168/2023;11/05/2023;53500.345689/2022-48
DIRECTV LATIN AMERICA LLC;SKY-B1;43,1ºO;-43,1KuKu30B;Estrangeiro;Ato;15/06/2022;Ato Nº 8392/2022;20/06/2022;53500.019972/2016-79
DIRECTV LATIN AMERICA LLC;SKY-B1;43,1ºO;-43,1KuKu30B;Estrangeiro;Ato;20/11/2019;Ato n° 7289/2019;28/11/2019;53500.019972/2016-79
DIRECTV LATIN AMERICA LLC;SKY-B1;43,1ºO;-43,1KuKu30B;Estrangeiro;Ato;15/03/2019;Ato n° 1812/2019;25/03/2019;53500.019972/2016-79
DIRECTV LATIN AMERICA LLC;SKY-B1;43,1ºO;-43,1KuKu30B;Estrangeiro;Ato;15/03/2019;Ato n° 1811/2019;25/03/2019;53500.019972/2016-79
DIRECTV LATIN AMERICA LLC;SKY-B1;43,1ºO;-43,1KuKu30B;Estrangeiro;Ato;24/04/2018;Ato N° 3112/2018;03/05/2018;53500.019972/2016-79
DIRECTV LATIN AMERICA LLC;SKY-B1;43,1ºO;-43,1KuKu30B;Estrangeiro;Ato;24/04/2018;Ato n° 3113/2018;03/05/2018;53500.019972/2016-79
DIRECTV LATIN AMERICA LLC;SKY-B1;43,1ºO;-43,1KuKu30B;Estrangeiro;Ato;23/02/2018;Ato N° 1210/2018;13/03/2018;53500.019972/2016-79
DIRECTV LATIN AMERICA LLC;SKY-B1;43,1ºO;-43,1KuKu30B;Estrangeiro;Ato;22/02/2018;Ato N° 1202/2018;13/03/2018;53500.019972/2016-79
DIRECTV LATIN AMERICA LLC;SKY-B1;43,1ºO;-43,1KuKu30B;Estrangeiro;Termo;02/10/2017;Termo de Autorização Nº 118/2017;04/10/2017;53500.019972/2016-79
DIRECTV LATIN AMERICA LLC;SKY-B1;43,1ºO;-43,1KuKu30B;Estrangeiro;Ato;11/08/2017;Ato N° 11189/2017;28/08/2017;53500.019972/2016-79
DIRECTV LATIN AMERICA LLC;SKY-B1;43,1ºO;-43,1KuKu30B;Estrangeiro;Ato;29/06/2017;Ato Nº 9.995/2017;04/07/2017;53500.019972/2016-79
E-SPACE AFRICA LIMITED;Sistema Semaphore;NGEO;SEM-VHF;Estrangeiro;Ato;09/09/2024;Ato Nº 12897/2024;11/09/2024;53500.041932/2023-32
ECHOSTAR GLOBAL AUSTRALIA PTY;Sistema Echostar Global;NGEO;ECH-S;Estrangeiro;Ato;03/06/2024;Ato Nº 8519/2024;05/06/2024;53500.316367/2022-91
EMBRATEL TVSAT TELECOMUNICAÇÕES S.A.;EUTELSAT 65 West A;65ºO;-65Ku;Brasileiro;Ato;25/04/2018;Ato Nº 3.200/2018;01/05/2018;53500.083707/2017-25
EMBRATEL TVSAT TELECOMUNICAÇÕES S.A.;ND;63ºO;-63C;Brasileiro;Termo aditivo;03/08/2020;2º Aditamento ao Termo PVSS/SPV Nº 007/2006-ANATEL;04/08/2020;53500.013443/2019-12
EMBRATEL TVSAT TELECOMUNICAÇÕES S.A.;ND;63ºO;-63C;Brasileiro;Termo aditivo;03/08/2020;Aditamento ao Termo PVSS/SPV Nº 001/1998-ANATEL;04/08/2020;53500.013443/2019-12
EMBRATEL TVSAT TELECOMUNICAÇÕES S.A.;ND;63ºO;-63C;Brasileiro;Ato;16/07/2020;Ato Nº 3.821/2020;20/07/2020;53500.013443/2019-12
EMBRATEL TVSAT TELECOMUNICAÇÕES S.A.;ND;68ºO;-68C;Brasileiro;Ato;16/07/2020;Ato Nº 3.821/2020;20/07/2020;53500.013443/2019-12
EMBRATEL TVSAT TELECOMUNICAÇÕES S.A.;ND;63ºO;-63C;Brasileiro;Ato;25/04/2018;Ato Nº 3.200/2018;01/05/2018;53500.083707/2017-25
EMBRATEL TVSAT TELECOMUNICAÇÕES S.A.;ND;68ºO;-68C;Brasileiro;Ato;25/04/2018;Ato Nº 3.200/2018;01/05/2018;53500.083707/2017-25
EMBRATEL TVSAT TELECOMUNICAÇÕES S.A.;ND;63ºO;-63C;Brasileiro;Termo aditivo;02/04/2017;2º Aditamento ao Termo PVSS/SPV Nº 156/2012-ANATEL;04/04/2017;53500.083707/2017-25
EMBRATEL TVSAT TELECOMUNICAÇÕES S.A.;ND;63ºO;-63C;Brasileiro;Termo;05/04/2006;Termo PVSS/SPV Nº 007/2006-ANATEL;18/04/2006;53500.083707/2017-25
EMBRATEL TVSAT TELECOMUNICAÇÕES S.A.;ND;63ºO;-63C;Brasileiro;Ato;19/12/2005;Ato N° 54.924/2005;22/12/2005;53500.013443/2019-12
EMBRATEL TVSAT TELECOMUNICAÇÕES S.A.;ND;63ºO;-63C;Brasileiro;Ato;29/10/2000;Ato N° 12.517/2000;30/10/2000;53500.006113/2000-52
EMBRATEL TVSAT TELECOMUNICAÇÕES S.A.;ND;63ºO;-63C;Brasileiro;Termo;26/07/1998;Termo PVSS/SPV N°001/1998-ANATEL;-;53500.006113/2000-52
EMBRATEL TVSAT TELECOMUNICAÇÕES S.A.;STARONE C2;65ºO;-65CX;Brasileiro;Ato;03/11/2025;Ato Nº 16384/2025;05/11/2025;53500.066849/2023-76
EMBRATEL TVSAT TELECOMUNICAÇÕES S.A.;STARONE C2;65ºO;-65CX;Brasileiro;Termo aditivo;03/08/2020;Aditamento ao Termo PVSS/SPV Nº 001/1998-ANATEL;04/08/2020;53500.013443/2019-12
EMBRATEL TVSAT TELECOMUNICAÇÕES S.A.;STARONE C2;65ºO;-65CX;Brasileiro;Termo aditivo;03/08/2020;2º Aditamento ao Termo PVSS/SPV Nº 007/2006-ANATEL;04/08/2020;53500.013443/2019-12
EMBRATEL TVSAT TELECOMUNICAÇÕES S.A.;STARONE C2;65ºO;-65CX;Brasileiro;Ato;16/07/2020;Ato Nº 3.821/2020;20/07/2020;53500.013443/2019-12
EMBRATEL TVSAT TELECOMUNICAÇÕES S.A.;STARONE C2;65ºO;-65CX;Brasileiro;Ato;07/05/2020;Ato Nº 2.530/2020;01/09/2020;53500.016975/2019-01
EMBRATEL TVSAT TELECOMUNICAÇÕES S.A.;STARONE C2;65ºO;-65CX;Brasileiro;Ato;25/04/2018;Ato Nº 3.200/2018;01/05/2018;53500.083707/2017-25
EMBRATEL TVSAT TELECOMUNICAÇÕES S.A.;STARONE C2;65ºO;-65CX;Brasileiro;Termo aditivo;02/04/2017;2º Aditamento ao Termo PVSS/SPV Nº 156/2012-ANATEL;04/04/2017;53500.083707/2017-25
EMBRATEL TVSAT TELECOMUNICAÇÕES S.A.;STARONE C2;65ºO;-65CX;Brasileiro;Termo;05/04/2006;Termo PVSS/SPV Nº 007/2006-ANATEL;18/04/2006;53500.083707/2017-25
EMBRATEL TVSAT TELECOMUNICAÇÕES S.A.;STARONE C2;65ºO;-65CX;Brasileiro;Ato;19/12/2005;Ato N° 54.924/2005;22/12/2005;53500.013443/2019-12
EMBRATEL TVSAT TELECOMUNICAÇÕES S.A.;STARONE C2;65ºO;-65CX;Brasileiro;Ato;29/10/2000;Ato N° 12.517/2000;30/10/2000;53500.006113/2000-52
EMBRATEL TVSAT TELECOMUNICAÇÕES S.A.;STARONE C2;65ºO;-65CX;Brasileiro;Termo;26/07/1998;Termo PVSS/SPV N°001/1998-ANATEL;-;53500.006113/2000-52
EMBRATEL TVSAT TELECOMUNICAÇÕES S.A.;STARONE C2;65ºO;-65Ku;Brasileiro;;;;;
EMBRATEL TVSAT TELECOMUNICAÇÕES S.A.;STARONE C3;75ºO;-75CKu;Brasileiro;Ato;15/02/2022;Ato Nº 2566/2022;03/03/2022;53500.014947/2019-41
EMBRATEL TVSAT TELECOMUNICAÇÕES S.A.;STARONE C3;75ºO;-75CKu;Brasileiro;Ato;15/02/2022;Ato Nº 2565/2022;17/02/2022;53500.014947/2019-41
EMBRATEL TVSAT TELECOMUNICAÇÕES S.A.;STARONE C3;75ºO;-75CKu;Brasileiro;Ato;07/05/2020;Ato Nº 2.530/2020;01/09/2020;53500.016975/2019-01
EMBRATEL TVSAT TELECOMUNICAÇÕES S.A.;STARONE C3;75ºO;-75CKu;Brasileiro;Ato;25/04/2018;Ato Nº 3.200/2018;01/05/2018;53500.083707/2017-25
EMBRATEL TVSAT TELECOMUNICAÇÕES S.A.;STARONE C3;75ºO;-75CKu;Brasileiro;Termo aditivo;22/08/2013;4º Aditamento ao Termo PVSS/SPV Nº 001/2007 – ANATEL;09/01/2015;53500.083707/2017-25
EMBRATEL TVSAT TELECOMUNICAÇÕES S.A.;STARONE C3;75ºO;-75CKu;Brasileiro;Ato;07/06/2013;Ato N° 3.442/2013;21/06/2013;53500.010933/2010
EMBRATEL TVSAT TELECOMUNICAÇÕES S.A.;STARONE C3;75ºO;-75CKu;Brasileiro;Termo aditivo;10/04/2012;3º Aditamento ao Termo PVSS/SPV Nº 001/2007 – ANATEL;13/04/2012;53500.083707/2017-25
EMBRATEL TVSAT TELECOMUNICAÇÕES S.A.;STARONE C3;75ºO;-75CKu;Brasileiro;Termo aditivo;14/04/2011;2º Aditamento ao Termo PVSS/SPV Nº 001/2007 – ANATEL;27/04/2011;53500.083707/2017-25
EMBRATEL TVSAT TELECOMUNICAÇÕES S.A.;STARONE C3;75ºO;-75CKu;Brasileiro;Despacho;29/10/2010;Despacho nº 10.119/2010-CD;04/11/2010;53500.006200/2015-96
EMBRATEL TVSAT TELECOMUNICAÇÕES S.A.;STARONE C3;75ºO;-75CKu;Brasileiro;Termo aditivo;16/05/2007;Aditamento ao Termo PVSS/SPV No 001/2007 – ANATEL;25/05/2007;53500.083707/2017-25
EMBRATEL TVSAT TELECOMUNICAÇÕES S.A.;STARONE C3;75ºO;-75CKu;Brasileiro;Ato;13/04/2007;Ato N° 64.571/2007;24/04/2007;53500.005254/1999
EMBRATEL TVSAT TELECOMUNICAÇÕES S.A.;STARONE C3;75ºO;-75CKu;Brasileiro;Termo;09/02/2007;Termo PVSS/SPV Nº 001/2007-ANATEL;27/02/2007;53500.083707/2017-25
EMBRATEL TVSAT TELECOMUNICAÇÕES S.A.;STARONE C3;75ºO;-75CKu;Brasileiro;Ato;30/01/2007;Ato Nº 63.338/2007;31/01/2007;53500.023874/2005
EMBRATEL TVSAT TELECOMUNICAÇÕES S.A.;STARONE C4;70ºO;-70Ku;Brasileiro;Ato;22/11/2022;Ato Nº 16035/2022;24/11/2022;53500.011825/2021-18
EMBRATEL TVSAT TELECOMUNICAÇÕES S.A.;STARONE C4;70ºO;-70Ku3030AKa;Brasileiro;Termo aditivo;21/01/2021;4º Aditamento ao Termo PVSS/SPV Nº 156/2012-ANATEL;28/01/2021;53500.022042/2016-01
EMBRATEL TVSAT TELECOMUNICAÇÕES S.A.;STARONE C4;70ºO;-70Ku;Brasileiro;Ato;16/07/2020;Ato Nº 3.821/2020;20/07/2020;53500.013443/2019-12
EMBRATEL TVSAT TELECOMUNICAÇÕES S.A.;STARONE C4;70ºO;-70Ku3030AKa;Brasileiro;Ato;16/07/2020;Ato Nº 3.821/2020;20/07/2020;53500.013443/2019-12
EMBRATEL TVSAT TELECOMUNICAÇÕES S.A.;STARONE C4;70ºO;-70Ku3030AKa;Brasileiro;Ato;07/05/2020;Ato Nº 2.530/2020;01/09/2020;53500.016975/2019-01
EMBRATEL TVSAT TELECOMUNICAÇÕES S.A.;STARONE C4;70ºO;-70Ku;Brasileiro;Termo aditivo;27/04/2020;3º Aditamento ao Termo PVSS/SPV Nº 156/2012-ANATEL;28/04/2020;53500.022042/2016-01
EMBRATEL TVSAT TELECOMUNICAÇÕES S.A.;STARONE C4;70ºO;-70Ku3030AKa;Brasileiro;Termo aditivo;27/04/2020;3º Aditamento ao Termo PVSS/SPV Nº 156/2012-ANATEL;28/04/2020;53500.022042/2016-01
EMBRATEL TVSAT TELECOMUNICAÇÕES S.A.;STARONE C4;70ºO;-70Ku;Brasileiro;Termo aditivo;01/10/2019;Aditamento ao Termo PVSS/SPV Nº 002/2003-ANATEL;03/10/2019;53500.032525/2018-77
EMBRATEL TVSAT TELECOMUNICAÇÕES S.A.;STARONE C4;70ºO;-70Ku;Brasileiro;Ato;06/06/2019;Ato Nº 3.579/2019;10/06/2019;53500.032525/2018-77
EMBRATEL TVSAT TELECOMUNICAÇÕES S.A.;STARONE C4;70ºO;-70Ku;Brasileiro;Ato;25/04/2018;Ato Nº 3.200/2018;01/05/2018;53500.083707/2017-25
EMBRATEL TVSAT TELECOMUNICAÇÕES S.A.;STARONE C4;70ºO;-70Ku3030AKa;Brasileiro;Ato;25/04/2018;Ato Nº 3.200/2018;01/05/2018;53500.083707/2017-25
EMBRATEL TVSAT TELECOMUNICAÇÕES S.A.;STARONE C4;70ºO;-70Ku3030AKa;Brasileiro;Termo aditivo;02/04/2017;2º Aditamento ao Termo PVSS/SPV Nº 156/2012-ANATEL;04/04/2017;53500.083707/2017-25
EMBRATEL TVSAT TELECOMUNICAÇÕES S.A.;STARONE C4;70ºO;-70Ku;Brasileiro;Termo aditivo;22/06/2012;Aditamento ao Termo PVSS/SPV Nº 156/2012-ANATEL;-;201290106201
EMBRATEL TVSAT TELECOMUNICAÇÕES S.A.;STARONE C4;70ºO;-70Ku3030AKa;Brasileiro;Termo aditivo;22/06/2012;Aditamento ao Termo PVSS/SPV Nº 156/2012-ANATEL;-;201290106201
EMBRATEL TVSAT TELECOMUNICAÇÕES S.A.;STARONE C4;70ºO;-70Ku;Brasileiro;Termo;22/03/2012;Termo PVSS/SPV Nº 156/2012-ANATEL;-;201290051789
EMBRATEL TVSAT TELECOMUNICAÇÕES S.A.;STARONE C4;70ºO;-70Ku3030AKa;Brasileiro;Termo;22/03/2012;Termo PVSS/SPV Nº 156/2012-ANATEL;-;201290051789
EMBRATEL TVSAT TELECOMUNICAÇÕES S.A.;STARONE C4;70ºO;-70Ku3030AKa;Brasileiro;Ato;24/02/2012;Ato Nº 1.073/2012;01/03/2012;53500.015405/2015-62
EMBRATEL TVSAT TELECOMUNICAÇÕES S.A.;STARONE C4;70ºO;-70Ku;Brasileiro;Termo;08/10/2003;Termo PVSS/SPV Nº 002/2003-ANATEL;13/11/2003;53500.083707/2017-25
EMBRATEL TVSAT TELECOMUNICAÇÕES S.A.;STARONE C4;70ºO;-70Ku;Brasileiro;Ato;16/09/2003;Ato Nº 39.094/2003;24/09/2003;53500.005294/2001-81
EMBRATEL TVSAT TELECOMUNICAÇÕES S.A.;STARONE C4;70ºO;-70Ku;Brasileiro;Termo;26/07/1998;Termo PVSS/SPV N°001/1998-ANATEL;-;53500.006113/2000-52
EMBRATEL TVSAT TELECOMUNICAÇÕES S.A.;STARONE D1;84ºO;-84C;Brasileiro;Ato;03/11/2025;Ato Nº 16387/2025;05/11/2025;53500.066849/2023-76
EMBRATEL TVSAT TELECOMUNICAÇÕES S.A.;STARONE D1;84ºO;-84C;Brasileiro;Termo aditivo;03/08/2020;2º Aditamento ao Termo PVSS/SPV Nº 007/2006-ANATEL;04/08/2020;53500.013443/2019-12
EMBRATEL TVSAT TELECOMUNICAÇÕES S.A.;STARONE D1;84ºO;-84C;Brasileiro;Termo aditivo;03/08/2020;Aditamento ao Termo PVSS/SPV Nº 001/1998-ANATEL;04/08/2020;53500.013443/2019-12
EMBRATEL TVSAT TELECOMUNICAÇÕES S.A.;STARONE D1;84ºO;-84C;Brasileiro;Ato;16/07/2020;Ato Nº 3.821/2020;20/07/2020;53500.013443/2019-12
EMBRATEL TVSAT TELECOMUNICAÇÕES S.A.;STARONE D1;84ºO;-84KuKa;Brasileiro;Ato;07/05/2020;Ato Nº 2.530/2020;01/09/2020;53500.016975/2019-01
EMBRATEL TVSAT TELECOMUNICAÇÕES S.A.;STARONE D1;84ºO;-84C;Brasileiro;Ato;07/05/2020;Ato Nº 2.530/2020;01/09/2020;53500.016975/2019-01
EMBRATEL TVSAT TELECOMUNICAÇÕES S.A.;STARONE D1;84ºO;-84KuKa;Brasileiro;Ato;25/04/2018;Ato Nº 3.200/2018;01/05/2018;53500.083707/2017-25
EMBRATEL TVSAT TELECOMUNICAÇÕES S.A.;STARONE D1;84ºO;-84C;Brasileiro;Ato;25/04/2018;Ato Nº 3.200/2018;01/05/2018;53500.083707/2017-25
EMBRATEL TVSAT TELECOMUNICAÇÕES S.A.;STARONE D1;84ºO;-84C;Brasileiro;Termo aditivo;02/04/2017;2º Aditamento ao Termo PVSS/SPV Nº 156/2012-ANATEL;04/04/2017;53500.083707/2017-25
EMBRATEL TVSAT TELECOMUNICAÇÕES S.A.;STARONE D1;84ºO;-84KuKa;Brasileiro;Termo;02/02/2012;Termo PVSS/SPV Nº 76/2012-ANATEL;06/02/2012;53500.083707/2017-25
EMBRATEL TVSAT TELECOMUNICAÇÕES S.A.;STARONE D1;84ºO;-84KuKa;Brasileiro;Ato;04/01/2012;Ato Nº 66/2012;09/01/2012;53500.026013/2010-14
EMBRATEL TVSAT TELECOMUNICAÇÕES S.A.;STARONE D1;84ºO;-84C;Brasileiro;Termo;05/04/2006;Termo PVSS/SPV Nº 007/2006-ANATEL;18/04/2006;53500.083707/2017-25
EMBRATEL TVSAT TELECOMUNICAÇÕES S.A.;STARONE D1;84ºO;-84C;Brasileiro;Ato;19/12/2005;Ato N° 54.924/2005;22/12/2005;53500.013443/2019-12
EMBRATEL TVSAT TELECOMUNICAÇÕES S.A.;STARONE D1;84ºO;-84C;Brasileiro;Ato;29/10/2000;Ato N° 12.517/2000;30/10/2000;53500.006113/2000-52
EMBRATEL TVSAT TELECOMUNICAÇÕES S.A.;STARONE D1;84ºO;-84C;Brasileiro;Termo;26/07/1998;Termo PVSS/SPV N°001/1998-ANATEL;-;53500.006113/2000-52
EMBRATEL TVSAT TELECOMUNICAÇÕES S.A.;STARONE D2;70ºO;-70CX;Brasileiro;Ato;03/11/2025;Ato Nº 16386/2025;05/11/2025;53500.066849/2023-76
EMBRATEL TVSAT TELECOMUNICAÇÕES S.A.;STARONE D2;70ºO;-70Ku;Brasileiro;Ato;22/11/2022;Ato Nº 16036/2022;24/11/2022;53500.011825/2021-18
EMBRATEL TVSAT TELECOMUNICAÇÕES S.A.;STARONE D2;70ºO;-70Ku;Brasileiro;Ato;16/07/2020;Ato Nº 3.821/2020;20/07/2020;53500.013443/2019-12
EMBRATEL TVSAT TELECOMUNICAÇÕES S.A.;STARONE D2;70ºO;-70CX;Brasileiro;Ato;16/07/2020;Ato Nº 3.821/2020;20/07/2020;53500.013443/2019-12
EMBRATEL TVSAT TELECOMUNICAÇÕES S.A.;STARONE D2;70ºO;-70Ku3030AKa;Brasileiro;Ato;16/07/2020;Ato Nº 3.821/2020;20/07/2020;53500.013443/2019-12
EMBRATEL TVSAT TELECOMUNICAÇÕES S.A.;STARONE D2;70ºO;-70Ku3030AKa;Brasileiro;Termo aditivo;27/04/2020;3º Aditamento ao Termo PVSS/SPV Nº 156/2012-ANATEL;28/04/2020;53500.022042/2016-01
EMBRATEL TVSAT TELECOMUNICAÇÕES S.A.;STARONE D2;70ºO;-70CX;Brasileiro;Termo aditivo;27/04/2020;3º Aditamento ao Termo PVSS/SPV Nº 156/2012-ANATEL;28/04/2020;53500.022042/2016-01
EMBRATEL TVSAT TELECOMUNICAÇÕES S.A.;STARONE D2;70ºO;-70Ku;Brasileiro;Termo aditivo;27/04/2020;3º Aditamento ao Termo PVSS/SPV Nº 156/2012-ANATEL;28/04/2020;53500.022042/2016-01
EMBRATEL TVSAT TELECOMUNICAÇÕES S.A.;STARONE D2;70ºO;-70Ku;Brasileiro;Termo aditivo;01/10/2019;Aditamento ao Termo PVSS/SPV Nº 002/2003-ANATEL;03/10/2019;53500.032525/2018-77
EMBRATEL TVSAT TELECOMUNICAÇÕES S.A.;STARONE D2;70ºO;-70Ku;Brasileiro;Ato;06/06/2019;Ato Nº 3.579/2019;10/06/2019;53500.032525/2018-77
EMBRATEL TVSAT TELECOMUNICAÇÕES S.A.;STARONE D2;70ºO;-70Ku;Brasileiro;Ato;25/04/2018;Ato Nº 3.200/2018;01/05/2018;53500.083707/2017-25
EMBRATEL TVSAT TELECOMUNICAÇÕES S.A.;STARONE D2;70ºO;-70CX;Brasileiro;Ato;25/04/2018;Ato Nº 3.200/2018;01/05/2018;53500.083707/2017-25
EMBRATEL TVSAT TELECOMUNICAÇÕES S.A.;STARONE D2;70ºO;-70Ku3030AKa;Brasileiro;Ato;25/04/2018;Ato Nº 3.200/2018;01/05/2018;53500.083707/2017-25
EMBRATEL TVSAT TELECOMUNICAÇÕES S.A.;STARONE D2;70ºO;-70CX;Brasileiro;Termo aditivo;22/06/2012;Aditamento ao Termo PVSS/SPV Nº 156/2012-ANATEL;-;201290106201
EMBRATEL TVSAT TELECOMUNICAÇÕES S.A.;STARONE D2;70ºO;-70Ku;Brasileiro;Termo aditivo;22/06/2012;Aditamento ao Termo PVSS/SPV Nº 156/2012-ANATEL;-;201290106201
EMBRATEL TVSAT TELECOMUNICAÇÕES S.A.;STARONE D2;70ºO;-70Ku3030AKa;Brasileiro;Termo aditivo;22/06/2012;Aditamento ao Termo PVSS/SPV Nº 156/2012-ANATEL;-;201290106201
EMBRATEL TVSAT TELECOMUNICAÇÕES S.A.;STARONE D2;70ºO;-70Ku;Brasileiro;Termo;22/03/2012;Termo PVSS/SPV Nº 156/2012-ANATEL;-;201290051789
EMBRATEL TVSAT TELECOMUNICAÇÕES S.A.;STARONE D2;70ºO;-70Ku3030AKa;Brasileiro;Termo;22/03/2012;Termo PVSS/SPV Nº 156/2012-ANATEL;-;201290051789
EMBRATEL TVSAT TELECOMUNICAÇÕES S.A.;STARONE D2;70ºO;-70Ku3030AKa;Brasileiro;Ato;24/02/2012;Ato Nº 1.073/2012;01/03/2012;53500.015405/2015-62
EMBRATEL TVSAT TELECOMUNICAÇÕES S.A.;STARONE D2;70ºO;-70Ku;Brasileiro;Termo;08/10/2003;Termo PVSS/SPV Nº 002/2003-ANATEL;13/11/2003;53500.083707/2017-25
EMBRATEL TVSAT TELECOMUNICAÇÕES S.A.;STARONE D2;70ºO;-70Ku;Brasileiro;Ato;16/09/2003;Ato Nº 39.094/2003;24/09/2003;53500.005294/2001-81
EMBRATEL TVSAT TELECOMUNICAÇÕES S.A.;STARONE D2;70ºO;-70Ku;Brasileiro;Termo;26/07/1998;Termo PVSS/SPV N°001/1998-ANATEL;-;53500.006113/2000-52
EMBRATEL TVSAT TELECOMUNICAÇÕES S.A.;STARONE D2;70ºO;-70CX;Brasileiro;Termo;26/07/1998;Termo PVSS/SPV N°001/1998-ANATEL;-;53500.006113/2000-52
EUTELSAT DO BRASIL LTDA;EUTELSAT 65 West A;65ºO;-65C30BKu30BKa;Brasileiro;Termo aditivo;16/09/2016;Aditamento ao Termo ORLE/SOR N° 001/2013 – ANATEL;26/09/2016;53500.004357/2016-68
EUTELSAT DO BRASIL LTDA;EUTELSAT 65 West A;65ºO;-65C30BKu30BKa;Brasileiro;Termo;05/06/2013;Termo ORLE/SOR N° 001/2013 – ANATEL;06/06/2013;201390098301
EUTELSAT DO BRASIL LTDA;EUTELSAT 65 West A;65ºO;-65C30BKu30BKa;Brasileiro;Ato;19/04/2013;Ato N° 2.642/2013;03/05/2013;53500.026013/2010
EUTELSAT S/A;EUTELSAT 3B;3ºL;3CKa;Estrangeiro;Ato;05/10/2021;Ato Nº 8809/2021;07/10/2021;53500.010749/2014-02
EUTELSAT S/A;EUTELSAT 3B;3ºL;3CKa;Estrangeiro;Ato;01/03/2018;Ato Nº 1375/2018;14/03/2018;53500.010749/2014-02
EUTELSAT S/A;EUTELSAT 3B;3ºL;3CKa;Estrangeiro;Ato;28/04/2017;Retificação Ato Nº 7973/2017;02/05/2017;53500.010749/2014-02
EUTELSAT S/A;EUTELSAT 3B;3ºL;3CKa;Estrangeiro;Ato;12/04/2017;Ato Nº 7973/2017;24/04/2017;53500.010749/2014-02
EUTELSAT S/A;EUTELSAT 3B;3ºL;3CKa;Estrangeiro;Ato;12/04/2017;Ato Nº 7977/2017;24/04/2017;53500.010749/2014-02
EUTELSAT S/A;EUTELSAT 3B;3ºL;3CKa;Estrangeiro;Termo;21/08/2015;Termo Nº 215/2015 – ORLE/SOR;18/11/2015;53500.010749/2014
EUTELSAT S/A;EUTELSAT 3B;3ºL;3CKa;Estrangeiro;Ato;27/05/2015;Ato Nº 3.228/2015;05/06/2015;53500.010749/2014
EUTELSAT S/A;EUTELSAT 3B;3ºL;3CKa;Estrangeiro;Ato;04/02/2015;Ato Nº 905/2015;09/02/2015;53500.010749/2014
EUTELSAT S/A;EUTELSAT 3B;3ºL;3CKa;Estrangeiro;Ato;29/12/2014;Ato Nº 10.430/2014;30/12/2014;53500.010749/2014
EUTELSAT S/A;EUTELSAT 3B;3ºL;3CKa;Estrangeiro;Ato;20/10/2014;Ato Nº 8.304/2014;24/10/2014;53500.010749/2014
EUTELSAT S/A;EUTELSAT 8 WEST B;8ºO;-8CKu;Estrangeiro;Ato;17/02/2023;Ato Nº 1713/2023;22/02/2023;53500.303606/2022-43
EUTELSAT S/A;EUTELSAT 8 WEST B;8ºO;-8CKu;Estrangeiro;Ato;29/07/2019;Ato N° 4491/2019;08/08/2019;53500.006199/2015-08
EUTELSAT S/A;EUTELSAT 8 WEST B;8ºO;-8CKu;Estrangeiro;Ato;08/03/2019;Ato N° 1606/2019;25/03/2019;53500.006199/2015-08
EUTELSAT S/A;EUTELSAT 8 WEST B;8ºO;-8CKu;Estrangeiro;Ato;04/01/2019;Ato N° 65/2019;08/01/2019;53500.006199/2015-08
EUTELSAT S/A;EUTELSAT 8 WEST B;8ºO;-8CKu;Estrangeiro;Termo;25/04/2018;TERMO DE AUTORIZAÇÃO Nº 22/2018;27/04/2018;53500.006199/2015-08
EUTELSAT S/A;EUTELSAT 8 WEST B;8ºO;-8CKu;Estrangeiro;Ato;28/03/2018;Ato N° 2425/2018;04/04/2018;53500.006199/2015-08
EUTELSAT S/A;EUTELSAT 8 WEST B;8ºO;-8CKu;Estrangeiro;Ato;28/03/2018;Ato N° 2424/2018;04/04/2018;53500.006199/2015-08
EUTELSAT S/A;EUTELSAT 8 WEST B;8ºO;-8CKu;Estrangeiro;Ato;08/02/2018;Ato N° 945/2018;14/02/2018;53500.006199/2015-08
EUTELSAT S/A;EUTELSAT 8 WEST B;8ºO;-8CKu;Estrangeiro;Ato;20/07/2017;Ato N° 10526/2017;02/08/2017;53500.065419/2017-99
EUTELSAT S/A;EUTELSAT 8 WEST B;8ºO;-8CKu;Estrangeiro;Ato;18/11/2016;Ato N° 4951/2016;15/12/2016;53508.006379/2016-92
EUTELSAT S/A;EUTELSAT 8 WEST B;8ºO;-8CKu;Estrangeiro;Ato;19/04/2016;Ato Nº 1.100/2016;30/05/2016;53508.001832/2016-74
EUTELSAT S/A;EUTELSAT 8 WEST B;8ºO;-8CKu;Estrangeiro;Ato;30/12/2015;Ato Nº 7.236/2015;11/01/2016;53500.006199/2015-08
EUTELSAT S/A;EUTELSAT 8 WEST B;8ºO;-8CKu;Estrangeiro;Ato;26/08/2015;Ato Nº 5.391/2015;31/08/2015;53500.006199/2015-08
EUTELSAT S/A;EUTELSAT 8 WEST B;8ºO;-8CKu;Estrangeiro;Termo;01/07/2014;Termo Nº 67/2014 – ORLE/SOR;26/08/2014;53500.018478/2013,
EUTELSAT S/A;EUTELSAT 8 WEST B;8ºO;-8CKu;Estrangeiro;Ato;31/03/2014;Ato Nº 4.320/2014;04/04/2014;53508.001832/2016-74
GLOBALSTAR LICENSEE LLC;Sistema Globalstar;NGEO;GLO-CSL;Estrangeiro;Ato;05/09/2024;Ato Nº 12722/2024;06/09/2024;53500.098096/2023-68
GLOBALSTAR LICENSEE LLC;Sistema Globalstar;NGEO;GLO-CSL;Estrangeiro;Termo;09/09/2017;Termo de Autorização Nº 107/2017;12/09/2017;53500.005646/2015-01
GLOBALSTAR LICENSEE LLC;Sistema Globalstar;NGEO;GLO-CSL;Estrangeiro;Ato;12/07/2017;Ato N° 10.303/2017;14/07/2017;53500.005646/2015-01
HISPAMAR SATELITES S.A.;AMAZONAS 3;61ºO;-61C;Brasileiro;Ato;15/09/2025;Ato Nº 12891/2025;16/09/2025;53500.067665/2024-12
HISPAMAR SATELITES S.A.;AMAZONAS 3;61ºO;-61KuKa;Brasileiro;Termo aditivo;06/04/2021;5º  Aditamento ao Termo PVSS/SPV Nº 22/2000 – ANATEL;12/04/2021;53500.001205/2015-22
HISPAMAR SATELITES S.A.;AMAZONAS 3;61ºO;-61C;Brasileiro;Termo aditivo;05/08/2020;Aditamento ao Termo PVSS/SPV Nº 006/2006-ANATEL;06/08/2020;53500.013443/2019-12
HISPAMAR SATELITES S.A.;AMAZONAS 3;61ºO;-61C;Brasileiro;Termo aditivo;05/08/2020;2º Aditamento ao Termo PVSS/SPV Nº 002/1998-ANATEL;06/08/2020;53500.013443/2019-12
HISPAMAR SATELITES S.A.;AMAZONAS 3;61ºO;-61C;Brasileiro;Ato;17/07/2020;Ato Nº 3.822/2020;21/07/2020;53500.013443/2019-12
HISPAMAR SATELITES S.A.;AMAZONAS 3;61ºO;-61KuKa;Brasileiro;Ato;14/12/2015;Ato Nº 6.741/2015;20/12/2015;53500.001205/2015-22
HISPAMAR SATELITES S.A.;AMAZONAS 3;61ºO;-61KuKa;Brasileiro;Termo aditivo;12/04/2012;4º Aditamento ao Termo PVSS/SPV Nº 22/2000 – ANATEL;29/04/2012;53500.002454/2003
HISPAMAR SATELITES S.A.;AMAZONAS 3;61ºO;-61KuKa;Brasileiro;Ato;07/04/2011;Ato Nº 2.066/2011;18/04/2011;53500.008550/2009—49
HISPAMAR SATELITES S.A.;AMAZONAS 3;61ºO;-61C;Brasileiro;Termo;21/03/2006;Termo PVSS/SPV N° 006/2006 – ANATEL;05/04/2006;53500002454/2003
HISPAMAR SATELITES S.A.;AMAZONAS 3;61ºO;-61C;Brasileiro;Ato;20/12/2005;Ato N° 54.923/2005;23/12/2005;53500002454/2003
HISPAMAR SATELITES S.A.;AMAZONAS 3;61ºO;-61C;Brasileiro;Termo;15/01/2004;Termo PVSS/SPV N° 002/2004 – ANATEL;30/03/2004;53500.002454/2003-00
HISPAMAR SATELITES S.A.;AMAZONAS 3;61ºO;-61C;Brasileiro;Despacho;10/07/2003;Despacho nº 068/2003-SPV;-;53500002454/2003
HISPAMAR SATELITES S.A.;AMAZONAS 3;61ºO;-61C;Brasileiro;Ato;11/03/2003;Ato Nº 34.412/2003;16/04/2003;53500.006054/2002-84
HISPAMAR SATELITES S.A.;AMAZONAS 3;61ºO;-61C;Brasileiro;Termo;27/07/1998;Termo PVSS/SPV N° 002/1998 – ANATEL;-;53500.001817/2001
HISPAMAR SATELITES S.A.;AMAZONAS 5;61ºO;-61KuKa;Brasileiro;Termo aditivo;06/04/2021;5º  Aditamento ao Termo PVSS/SPV Nº 22/2000 – ANATEL;12/04/2021;53500.001205/2015-22
HISPAMAR SATELITES S.A.;AMAZONAS 5;61ºO;-61KuKa;Brasileiro;Ato;14/12/2015;Ato Nº 6.741/2015;20/12/2015;53500.001205/2015-22
HISPAMAR SATELITES S.A.;AMAZONAS 5;61ºO;-61Ku3030A;Brasileiro;Termo;12/08/2014;Termo ORLE/SOR N° 1/2014 – ANATEL;13/08/2014;53500.021277/2014-13
HISPAMAR SATELITES S.A.;AMAZONAS 5;61ºO;-61Ku3030A;Brasileiro;Ato;06/08/2014;Ato Nº 6.913/2014;08/08/2014;53500.021277/2014-13
HISPAMAR SATELITES S.A.;AMAZONAS 5;61ºO;-61KuKa;Brasileiro;Termo aditivo;12/04/2012;4º Aditamento ao Termo PVSS/SPV Nº 22/2000 – ANATEL;29/04/2012;53500.002454/2003
HISPAMAR SATELITES S.A.;AMAZONAS 5;61ºO;-61KuKa;Brasileiro;Ato;07/04/2011;Ato Nº 2.066/2011;18/04/2011;53500.008550/2009—49
HISPAMAR SATELITES S.A.;AMAZONAS NEXUS;61ºO;-61KuKa;Brasileiro;;;;;
HISPAMAR SATELITES S.A.;HISPASAT 74W-1;74ºO;-74Ku3030A;Brasileiro;Termo;02/03/2016;Termo ORLE/SOR N° 004/2016 – ANATEL;04/03/2016;53500.007759/2015-33
HISPAMAR SATELITES S.A.;HISPASAT 74W-1;74ºO;-74Ku3030A;Brasileiro;Ato;24/02/2016;Ato N° 50.476/2016;25/02/2016;53500.007759/2015-33
HISPASAT S.A.;AMAZONAS NEXUS;61ºO;-61Ku30B;Estrangeiro;Ato;02/03/2023;Ato Nº 2198/2023;03/03/2023;53500.027190/2022-51
HISPASAT S.A.;HISPASAT 30W-6;30ºO;-30C30BKu30BKu;Estrangeiro;Ato;01/08/2022;Ato Nº 11133/2022;04/08/2022;53500.048711/2022-12
HISPASAT S.A.;HISPASAT 30W-6;30ºO;-30C30BKu30BKu;Estrangeiro;Ato;05/02/2021;Retificação do Ato Nº 8032/2020;05/02/2021;53508.003219/2016-91
HISPASAT S.A.;HISPASAT 30W-6;30ºO;-30C30BKu30BKu;Estrangeiro;Ato;31/12/2020;Ato Nº 8032/2020;06/01/2021;53508.003219/2016-91
HISPASAT S.A.;HISPASAT 30W-6;30ºO;-30C30BKu30BKu;Estrangeiro;Termo;29/04/2020;Termo de Autorização Nº 13/2020;30/04/2020;53508.003219/2016-91
HISPASAT S.A.;HISPASAT 30W-6;30ºO;-30C30BKu30BKu;Estrangeiro;Ato;09/01/2019;Ato Nº 138/2019;07/02/2019;53508.003219/2016-91
HISPASAT S.A.;HISPASAT 30W-6;30ºO;-30C30BKu30BKu;Estrangeiro;Ato;19/04/2018;Ato Nº 2.964/2018;23/04/2018;53508.003219/2016-91
HISPASAT S.A.;HISPASAT 36W-1;36ºO;-36Ku;Estrangeiro;Termo;29/04/2020;Termo de Autorização Nº 13/2020;30/04/2020;53508.003219/2016-91
HISPASAT S.A.;HISPASAT 36W-1;36ºO;-36Ku;Estrangeiro;Termo;13/04/2016;Termo Nº 5/2016-ORLE/SOR;-;53500.005857/2013-74
HISPASAT S.A.;HISPASAT 36W-1;36ºO;-36Ku;Estrangeiro;Ato;01/02/2016;Ato Nº 50.266/2016;05/02/2016;53500.005857/2013-74
HUGHES TELECOMUNICAÇÕES DO BRASIL LTDA.;AL YAH 3;20ºO;-20Ka;Brasileiro;Ato;08/05/2020;Ato N° 2.529/2020;30/07/2020;53500.024622/2019-77
HUGHES TELECOMUNICAÇÕES DO BRASIL LTDA.;AL YAH 3;20ºO;-20Ka;Brasileiro;Termo;02/03/2016;Termo ORLE/SOR N° 003/2016 – ANATEL;04/03/2016;53500.007759/2015-33
HUGHES TELECOMUNICAÇÕES DO BRASIL LTDA.;AL YAH 3;20ºO;-20Ka;Brasileiro;Ato;24/02/2016;Ato N° 50.475/2016;25/02/2016;53500.007759/2015-33
HUGUES NETWORK SYSTEMS LLC;JUPITER 3;95,2ºO;-95,2Ka;Estrangeiro;Ato;15/06/2023;Ato Nº 7369/2023;23/06/2023;53500.055846/2019-21
HUGUES NETWORK SYSTEMS LLC;JUPITER 3;95,2ºO;-95,2Ka;Estrangeiro;Termo;20/08/2020;Termo de Autorização Nº 127/2020;21/08/2020;53500.055846/2019-21
HUGUES NETWORK SYSTEMS LLC;JUPITER 3;95,2ºO;-95,2Ka;Estrangeiro;Ato;03/06/2020;Ato Nº 2.980/2020;25/06/2020;53500.055846/2019-21
INMARSAT GLOBAL LIMITED;Global Xpress;55ºO;-55Ka;Estrangeiro;Ato;20/02/2026;Ato Nº 2606/2026;09/03/2026;53500.015782/2013-30
INMARSAT GLOBAL LIMITED;Global Xpress;55ºO;-55Ka;Estrangeiro;Ato;04/10/2023;Ato Nº 14434/2023;27/10/2023;53500.015782/2013-30
INMARSAT GLOBAL LIMITED;Global Xpress;55ºO;-55Ka;Estrangeiro;Termo;12/08/2021;TERMO DE AUTORIZAÇÃO Nº 15/2021;17/08/2021;53500.015782/2013-30
INMARSAT GLOBAL LIMITED;Global Xpress;55ºO;-55Ka;Estrangeiro;Termo;12/08/2021;TERMO DE AUTORIZAÇÃO Nº 19/2021;17/08/2021;53500.015782/2013-30
INMARSAT GLOBAL LIMITED;Global Xpress;55ºO;-55Ka;Estrangeiro;Termo;12/08/2021;TERMO DE AUTORIZAÇÃO Nº 22/2021;17/08/2021;53500.015782/2013-30
INMARSAT GLOBAL LIMITED;Global Xpress;55ºO;-55Ka;Estrangeiro;Termo;12/08/2021;TERMO DE AUTORIZAÇÃO Nº 24/2021;17/08/2021;53500.015782/2013-30
INMARSAT GLOBAL LIMITED;Global Xpress;55ºO;-55Ka;Estrangeiro;Termo;12/08/2021;TERMO DE AUTORIZAÇÃO Nº 25/2021;17/08/2021;53500.015782/2013-30
INMARSAT GLOBAL LIMITED;Global Xpress;55ºO;-55Ka;Estrangeiro;Termo;12/08/2021;TERMO DE AUTORIZAÇÃO Nº 23/2021;17/08/2021;53500.015782/2013-30
INMARSAT GLOBAL LIMITED;Global Xpress;55ºO;-55Ka;Estrangeiro;Termo;12/08/2021;TERMO DE AUTORIZAÇÃO Nº 21/2021;17/08/2021;53500.015782/2013-30
INMARSAT GLOBAL LIMITED;Global Xpress;55ºO;-55Ka;Estrangeiro;Termo;12/08/2021;TERMO DE AUTORIZAÇÃO Nº 20/2021;17/08/2021;53500.015782/2013-30
INMARSAT GLOBAL LIMITED;Global Xpress;55ºO;-55Ka;Estrangeiro;Termo;12/08/2021;TERMO DE AUTORIZAÇÃO Nº 17/2021;17/08/2021;53500.015782/2013-30
INMARSAT GLOBAL LIMITED;Global Xpress;55ºO;-55Ka;Estrangeiro;Termo;12/08/2021;TERMO DE AUTORIZAÇÃO Nº 18/2021;17/08/2021;53500.015782/2013-30
INMARSAT GLOBAL LIMITED;Global Xpress;55ºO;-55Ka;Estrangeiro;Termo;12/08/2021;TERMO DE AUTORIZAÇÃO Nº 16/2021;17/08/2021;53500.015782/2013-30
INMARSAT GLOBAL LIMITED;Global Xpress;55ºO;-55Ka;Estrangeiro;Ato;01/07/2021;Ato Nº 4.949/2021;02/07/2021;53500.015782/2013-30
INMARSAT GLOBAL LIMITED;Global Xpress;55ºO;-55Ka;Estrangeiro;Ato;22/06/2020;Ato Nº 3.295/2020;01/07/2020;53500.015782/2013-30
INMARSAT GLOBAL LIMITED;Global Xpress;55ºO;-55Ka;Estrangeiro;Ato;30/04/2019;Ato Nº 2.889/2019;13/05/2019;53500.015782/2013-30
INMARSAT GLOBAL LIMITED;Global Xpress;55ºO;-55Ka;Estrangeiro;Ato;30/04/2019;Ato Nº 2.891/2019;13/05/2019;53500.015782/2013-30
INMARSAT GLOBAL LIMITED;Global Xpress;55ºO;-55Ka;Estrangeiro;Ato;16/08/2018;Ato Nº 6.227/2018;09/10/2018;53500.015782/2013-30
INMARSAT GLOBAL LIMITED;Global Xpress;55ºO;-55Ka;Estrangeiro;Ato;26/04/2018;Ato Nº 3.206/2018;14/05/2018;53500.015782/2013-30
INMARSAT GLOBAL LIMITED;Global Xpress;55ºO;-55Ka;Estrangeiro;Ato;21/03/2018;Ato Nº 1.905/2018;14/05/2018;53500.015782/2013-30
INMARSAT GLOBAL LIMITED;Global Xpress;55ºO;-55Ka;Estrangeiro;Ato;04/12/2017;Ato Nº 14.460/2017;26/12/2017;53500.015782/2013-30
INMARSAT GLOBAL LIMITED;Global Xpress;55ºO;-55Ka;Estrangeiro;Ato;15/08/2017;Ato Nº 11.335/2017;01/09/2017;53500.015782/2013-30
INMARSAT GLOBAL LIMITED;Global Xpress;55ºO;-55Ka;Estrangeiro;Ato;20/12/2016;Ato Nº 5.554/2016;24/01/2017;53500.015782/2013-30
INMARSAT GLOBAL LIMITED;Global Xpress;55ºO;-55Ka;Estrangeiro;Ato;20/12/2016;Ato Nº 5.557/2016;24/01/2017;53500.015782/2013-30
INMARSAT GLOBAL LIMITED;Global Xpress;55ºO;-55Ka;Estrangeiro;Ato;27/01/2016;Ato Nº 50.193/2016;18/02/2016;53500.015782/2013-30
INMARSAT GLOBAL LIMITED;Global Xpress;55ºO;-55Ka;Estrangeiro;Ato;27/01/2016;Ato Nº 50.192/2016;18/02/2016;53500.015782/2013-30
INMARSAT GLOBAL LIMITED;Global Xpress;55ºO;-55Ka;Estrangeiro;Termo;14/07/2015;Termo ORLE/SOR Nº 179/2015 – ANATEL;15/09/2015;53500.015782/2013-30
INMARSAT GLOBAL LIMITED;Global Xpress;55ºO;-55Ka;Estrangeiro;Ato;28/05/2015;Ato Nº 3.249/2015;16/06/2015;53500.015782/2013-30
INMARSAT SOLUTIONS (CANADA) INC.;INMARSAT-3 AOR WEST;54ºO;-54L_4;Estrangeiro;Ato;27/05/2026;Ato Nº 7147/2026;28/05/2026;53500.010731/2026-36
INMARSAT SOLUTIONS (CANADA) INC.;INMARSAT-4 F1;54ºO;-54L_3;Estrangeiro;Ato;31/07/2025;Ato Nº 9143/2025;04/08/2025;53500.100253/2024-93
INMARSAT SOLUTIONS (CANADA) INC.;INMARSAT-4 F3;98ºO;-98L;Estrangeiro;Ato;05/03/2026;Ato Nº 3198/2026;09/03/2026;53500.101602/2024-94
INMARSAT SOLUTIONS (CANADA) INC.;INMARSAT-4 F3;98ºO;-98L;Estrangeiro;Ato;10/02/2026;Ato Nº 2200/2026;18/02/2026;53500.101602/2024-94
INMARSAT SOLUTIONS (CANADA) INC.;INMARSAT-4 F3;98ºO;-98L;Estrangeiro;Ato;15/09/2025;Ato Nº 12876/2025;16/09/2025;53500.101602/2024-94
INMARSAT SOLUTIONS (CANADA) INC.;INMARSAT-4 F3;98ºO;-98L;Estrangeiro;Ato;26/10/2023;Ato Nº 15191/2023;06/11/2023;53500.004955/2009-16
INMARSAT SOLUTIONS (CANADA) INC.;INMARSAT-4 F3;98ºO;-98L;Estrangeiro;Ato;23/01/2023;Ato Nº 662/2023;30/01/2023;53500.004955/2009-16
INMARSAT SOLUTIONS (CANADA) INC.;INMARSAT-4 F3;98ºO;-98L;Estrangeiro;Ato;23/11/2022;Ato Nº 16054/2022;02/12/2022;53500.004955/2009-16
INMARSAT SOLUTIONS (CANADA) INC.;INMARSAT-4 F3;98ºO;-98L;Estrangeiro;Ato;03/08/2022;Ato Nº 11222/2022;09/08/2022;53500.004955/2009-16
INMARSAT SOLUTIONS (CANADA) INC.;INMARSAT-4 F3;98ºO;-98L;Estrangeiro;Ato;22/04/2019;Ato Nº 2.633/2019;07/05/2019;53500.015427/2019-56
INMARSAT SOLUTIONS (CANADA) INC.;INMARSAT-4 F3;98ºO;-98L;Estrangeiro;Ato;16/02/2018;Ato Nº 1.107/2018;19/03/2018;53500.004052/2018-18
INMARSAT SOLUTIONS (CANADA) INC.;INMARSAT-4 F3;98ºO;-98L;Estrangeiro;Ato;29/01/2018;Ato Nº 704/2018;06/04/2018;53500.004955/2009-16
INMARSAT SOLUTIONS (CANADA) INC.;INMARSAT-4 F3;98ºO;-98L;Estrangeiro;Ato;14/03/2016;Ato Nº 50.728/2016;15/03/2016;53500.004955/2009-16
INMARSAT SOLUTIONS (CANADA) INC.;INMARSAT-4 F3;98ºO;-98L;Estrangeiro;Ato;27/01/2016;Ato Nº 50.186/2016;18/02/2016;53500.004955/2009-16
INMARSAT SOLUTIONS (CANADA) INC.;INMARSAT-4 F3;98ºO;-98L;Estrangeiro;Ato;26/11/2015;Ato Nº 6.546/2015;02/12/2015;53500.004955/2009-16
INMARSAT SOLUTIONS (CANADA) INC.;INMARSAT-4 F3;98ºO;-98L;Estrangeiro;Ato;08/09/2015;Ato Nº 5.540/2015;21/09/2015;53500.004955/2009-16
INMARSAT SOLUTIONS (CANADA) INC.;INMARSAT-4 F3;98ºO;-98L;Estrangeiro;Ato;30/06/2015;Ato Nº 4.221/2015;14/07/2015;53500.004955/2009-16
INMARSAT SOLUTIONS (CANADA) INC.;INMARSAT-4 F3;98ºO;-98L;Estrangeiro;Despacho;18/11/2013;Despacho Nº 5551/2013-SOR;19/11/2013;53500.004955/2009-16
INMARSAT SOLUTIONS (CANADA) INC.;INMARSAT-4 F3;98ºO;-98L;Estrangeiro;Ato;05/06/2013;Ato Nº 3.402/2013;13/06/2013;53500.004955/2009-16
INMARSAT SOLUTIONS (CANADA) INC.;INMARSAT-4 F3;98ºO;-98L;Estrangeiro;Termo;28/03/2013;Termo PVSS/SPV Nº 177/2013;02/04/2013;53500.004955/2009-16
INMARSAT SOLUTIONS (CANADA) INC.;INMARSAT-4 F3;98ºO;-98L;Estrangeiro;Termo;28/03/2013;Termo PVSS/SPV Nº 174/2013;02/04/2013;53500.004955/2009-16
INMARSAT SOLUTIONS (CANADA) INC.;INMARSAT-4 F3;98ºO;-98L;Estrangeiro;Termo;28/03/2013;Termo PVSS/SPV Nº 175/2013;02/04/2013;53500.004955/2009-16
INMARSAT SOLUTIONS (CANADA) INC.;INMARSAT-4 F3;98ºO;-98L;Estrangeiro;Termo;28/03/2013;Termo PVSS/SPV Nº 178/2013;02/04/2013;53500.004955/2009-16
INMARSAT SOLUTIONS (CANADA) INC.;INMARSAT-4 F3;98ºO;-98L;Estrangeiro;Termo;28/03/2013;Termo PVSS/SPV Nº 176/2013;02/04/2013;53500.004955/2009-16
INMARSAT SOLUTIONS (CANADA) INC.;INMARSAT-4 F3;98ºO;-98L;Estrangeiro;Termo;28/03/2013;Termo PVSS/SPV Nº 173/2013;02/04/2013;53500.004955/2009-16
INMARSAT SOLUTIONS (CANADA) INC.;INMARSAT-4 F3;98ºO;-98L;Estrangeiro;Ato;04/10/2012;Ato Nº 5.719/2012;11/10/2012;53500.004955/2009-16
INMARSAT SOLUTIONS (CANADA) INC.;INMARSAT-4 F3;98ºO;-98L;Estrangeiro;Ato;31/07/2012;Ato Nº 4.333/2012;08/08/2012;53500.004955/2009-16
INMARSAT SOLUTIONS (CANADA) INC.;INMARSAT-4 F3;98ºO;-98L;Estrangeiro;Ato;26/08/2010;Ato Nº 5.488/2010;16/09/2010;53500.004955/2009-16
INMARSAT SOLUTIONS B.V.;INMARSAT-4 F3;98ºO;-98L;Estrangeiro;Ato;15/09/2025;Ato Nº 12879/2025;16/09/2025;53500.101602/2024-94
INMARSAT SOLUTIONS B.V.;INMARSAT-4 F3;98ºO;-98L;Estrangeiro;Ato;20/07/2016;Ato Nº 2.384/2016;04/08/2016;53500.004955/2009-16
INMARSAT SOLUTIONS B.V.;INMARSAT-4 F3;98ºO;-98L;Estrangeiro;Ato;14/03/2016;Ato Nº 50.728/2016;15/03/2016;53500.004955/2009-16
INMARSAT SOLUTIONS B.V.;INMARSAT-4 F3;98ºO;-98L;Estrangeiro;Ato;05/06/2013;Ato Nº 3.402/2013;13/06/2013;53500.004955/2009-16
INMARSAT SOLUTIONS B.V.;INMARSAT-4 F3;98ºO;-98L;Estrangeiro;Termo;28/03/2013;Termo PVSS/SPV Nº 173/2013;02/04/2013;53500.004955/2009-16
INMARSAT SOLUTIONS B.V.;INMARSAT-4 F3;98ºO;-98L;Estrangeiro;Termo;28/03/2013;Termo PVSS/SPV Nº 175/2013;02/04/2013;53500.004955/2009-16
INMARSAT SOLUTIONS B.V.;INMARSAT-4 F3;98ºO;-98L;Estrangeiro;Termo;28/03/2013;Termo PVSS/SPV Nº 174/2013;02/04/2013;53500.004955/2009-16
INMARSAT SOLUTIONS B.V.;INMARSAT-4 F3;98ºO;-98L;Estrangeiro;Termo;28/03/2013;Termo PVSS/SPV Nº 176/2013;02/04/2013;53500.004955/2009-16
INMARSAT SOLUTIONS B.V.;INMARSAT-4 F3;98ºO;-98L;Estrangeiro;Termo;28/03/2013;Termo PVSS/SPV Nº 178/2013;02/04/2013;53500.004955/2009-16
INMARSAT SOLUTIONS B.V.;INMARSAT-4 F3;98ºO;-98L;Estrangeiro;Termo;28/03/2013;Termo PVSS/SPV Nº 177/2013;02/04/2013;53500.004955/2009-16
INMARSAT SOLUTIONS B.V.;INMARSAT-4 F3;98ºO;-98L;Estrangeiro;Ato;04/10/2012;Ato Nº 5.719/2012;11/10/2012;53500.004955/2009-16
INMARSAT SOLUTIONS B.V.;INMARSAT-4 F3;98ºO;-98L;Estrangeiro;Ato;31/07/2012;Ato Nº 4.333/2012;08/08/2012;53500.004955/2009-16
INMARSAT SOLUTIONS B.V.;INMARSAT-4 F3;98ºO;-98L;Estrangeiro;Ato;26/08/2010;Ato Nº 5.488/2010;16/09/2010;53500.004955/2009-16
INTELSAT LICENSE LLC;GALAXY 28;88,7ºO;-89CKU_3;Estrangeiro;Ato;06/01/2026;Ato Nº 155/2026;14/01/2026;53500.097241/2025-55
INTELSAT LICENSE LLC;GALAXY 28;88,7ºO;-89CKU_3;Estrangeiro;Ato;17/06/2025;Ato Nº 6814/2025;18/06/2025;53500.000385/2025-05
INTELSAT LICENSE LLC;IS 10-02;1ºO;-1C;Estrangeiro;Ato;06/01/2026;Ato Nº 155/2026;14/01/2026;53500.097241/2025-55
INTELSAT LICENSE LLC;IS 10-02;1ºO;-1C;Estrangeiro;Termo;29/04/2020;Termo de Autorização Nº 46/2020;30/04/2020;53500.020638/2007-77
INTELSAT LICENSE LLC;IS 10-02;1ºO;-1C;Estrangeiro;Ato;01/10/2019;Ato Nº 6137/2019;03/10/2019;53500.020638/2007-77
INTELSAT LICENSE LLC;IS 10-02;1ºO;-1C;Estrangeiro;Termo;13/04/2018;TERMO DE AUTORIZAÇÃO Nº 12/2018;26/04/2018;53500.020638/2007-77
INTELSAT LICENSE LLC;IS 10-02;1ºO;-1C;Estrangeiro;Ato;09/09/2014;Ato Nº 7.557/2014;11/09/2014;53500.020638/2007-77
INTELSAT LICENSE LLC;IS 10-02;1ºO;-1C;Estrangeiro;Ato;06/09/2012;Ato Nº 5.163/2012;14/09/2012;53500.020638/2007-77
INTELSAT LICENSE LLC;IS 10-02;1ºO;-1C;Estrangeiro;Ato;26/07/2012;Ato Nº 4.243/2012;02/08/2012;53500.020638/2007-77
INTELSAT LICENSE LLC;IS 10-02;1ºO;-1C;Estrangeiro;Ato;06/04/2010;Ato Nº 2.200/2010;20/04/2010;53500.020638/2007-77
INTELSAT LICENSE LLC;IS 10-02;1ºO;-1C;Estrangeiro;Ato;15/03/2010;Ato Nº 1.654/2010;31/03/2010;53500.020638/2007-77
INTELSAT LICENSE LLC;IS 10-02;1ºO;-1C;Estrangeiro;Ato;29/01/2010;Ato Nº718/2010;17/02/2010;53500.020638/2007-77
INTELSAT LICENSE LLC;IS 10-02;1ºO;-1C;Estrangeiro;Termo;23/10/2008;Termo PVSS/SPV Nº 005/2008-ANATEL;03/11/2008;53500.020638/2007-77
INTELSAT LICENSE LLC;IS 10-02;1ºO;-1C;Estrangeiro;Ato;20/03/2008;Ato Nº 1.583/2008;03/04/2008;53500.020638/2007-77
INTELSAT LICENSE LLC;IS-14;45ºO;-45C;Estrangeiro;Ato;06/01/2026;Ato Nº 155/2026;14/01/2026;53500.097241/2025-55
INTELSAT LICENSE LLC;IS-14;45ºO;-45C;Estrangeiro;Ato;18/08/2025;Ato Nº 10382/2025;21/08/2025;53500.024973/2024-45
INTELSAT LICENSE LLC;IS-14;45ºO;-45C;Estrangeiro;Ato;19/11/2024;Ato Nº 16164/2024;22/11/2024;53500.024973/2024-45
INTELSAT LICENSE LLC;IS-14;45ºO;-45C;Estrangeiro;Ato;27/08/2020;Ato Nº 4.702/2020;11/09/2020;53500.000289/2009-39
INTELSAT LICENSE LLC;IS-14;45ºO;-45C;Estrangeiro;Ato;02/10/2017;Ato Nº 12.729/2017;24/10/2017;53500.000289/2009-39
INTELSAT LICENSE LLC;IS-14;45ºO;-45C;Estrangeiro;Ato;31/03/2017;Ato Nº 7.747/2017;18/04/2017;53500.000289/2009-39
INTELSAT LICENSE LLC;IS-14;45ºO;-45C;Estrangeiro;Ato;10/04/2013;Ato Nº 2.409/2012;18/04/2013;53500.000289/2009-39
INTELSAT LICENSE LLC;IS-14;45ºO;-45C;Estrangeiro;Ato;26/07/2012;Ato Nº 4.247/2012;02/08/2012;53500.000289/2009-39
INTELSAT LICENSE LLC;IS-14;45ºO;-45C;Estrangeiro;Ato;10/02/2012;Ato Nº 855/2012;16/02/2012;53500.000289/2009-39
INTELSAT LICENSE LLC;IS-14;45ºO;-45C;Estrangeiro;Ato;14/06/2011;Ato Nº 4.155/2011;20/06/2011;53500.000289/2009-39
INTELSAT LICENSE LLC;IS-14;45ºO;-45C;Estrangeiro;Ato;16/03/2011;Ato Nº 1.540/2011;23/03/2011;53500.000289/2009-39
INTELSAT LICENSE LLC;IS-14;45ºO;-45C;Estrangeiro;Ato;20/12/2010;Ato Nº 8.342/2010;13/01/2011;53500.000289/2009-39
INTELSAT LICENSE LLC;IS-14;45ºO;-45C;Estrangeiro;Ato;19/10/2010;Ato Nº 6.779/2010;26/10/2010;53500.000289/2009-39
INTELSAT LICENSE LLC;IS-14;45ºO;-45C;Estrangeiro;Ato;10/08/2010;Ato Nº 5.090/2010;13/08/2010;53500.000289/2009-39
INTELSAT LICENSE LLC;IS-14;45ºO;-45C;Estrangeiro;Termo;21/05/2010;Termo PVSS/SPV Nº 002/2010-ANATEL;07/06/2010;53500.000289/2009-39
INTELSAT LICENSE LLC;IS-14;45ºO;-45C;Estrangeiro;Ato;23/04/2010;Ato Nº 2.652/2010;05/05/2010;53500.000289/2009-39
INTELSAT LICENSE LLC;IS-14;45ºO;-45C;Estrangeiro;Ato;18/03/2010;Ato Nº 1.796/2010;25/03/2010;53500.000289/2009-39
INTELSAT LICENSE LLC;IS-21;58ºO;-58CKu_2;Estrangeiro;Ato;06/01/2026;Ato Nº 155/2026;14/01/2026;53500.097241/2025-55
INTELSAT LICENSE LLC;IS-21;58ºO;-58CKu_2;Estrangeiro;Termo;21/01/2021;TERMO DE AUTORIZAÇÃO Nº 1/2021;10/02/2021;53500.006795/2012-37
INTELSAT LICENSE LLC;IS-21;58ºO;-58CKu_2;Estrangeiro;Ato;12/11/2020;Ato Nº 6.877/2020;13/11/2020;53500.006795/2012-37
INTELSAT LICENSE LLC;IS-30;95,05ºO;-95Ku;Estrangeiro;Ato;18/11/2020;Ato N° 7.017/2020;26/11/2020;53500.010986/2014-65
INTELSAT LICENSE LLC;IS-30;95,05ºO;-95Ku;Estrangeiro;Termo;27/12/2018;TERMO DE AUTORIZAÇÃO Nº 256/2018;11/01/2019;53500.010986/2014-65
INTELSAT LICENSE LLC;IS-30;95,05ºO;-95Ku;Estrangeiro;Ato;15/10/2018;Ato Nº 7.723/2018;18/10/2018;53500.010986/2014-65
INTELSAT LICENSE LLC;IS-31;95,05ºO;-95Ku_3;Estrangeiro;Ato;09/04/2026;Ato Nº 5125/2026;10/04/2026;53500.047817/2025-33
INTELSAT LICENSE LLC;IS-34;55,5ºO;-55,5CKu;Estrangeiro;Ato;06/01/2026;Ato Nº 155/2026;14/01/2026;53500.097241/2025-55
INTELSAT LICENSE LLC;IS-34;55,5ºO;-55,5CKu;Estrangeiro;Ato;23/08/2023;Ato Nº 12508/2023;24/08/2023;53500.015627/2023-95
INTELSAT LICENSE LLC;IS-34;55,5ºO;-55,5CKu;Estrangeiro;Ato;23/03/2021;Ato Nº 1.957/2021;25/03/2021;53500.006200/2015-96
INTELSAT LICENSE LLC;IS-34;55,5ºO;-55,5CKu;Estrangeiro;Ato;28/03/2016;Ato N° 788/2016;01/04/2016;53508.001116/2016-97
INTELSAT LICENSE LLC;IS-34;55,5ºO;-55,5CKu;Estrangeiro;Ato;08/03/2016;Ato N° 50.645/2016;28/03/2016;53500.006200/2015-96
INTELSAT LICENSE LLC;IS-34;55,5ºO;-55,5CKu;Estrangeiro;Ato;30/11/2015;Ato Nº 6.559/2015;02/12/2015;53500.006200/2015-96
INTELSAT LICENSE LLC;IS-34;55,5ºO;-55,5CKu;Estrangeiro;Termo;30/10/2015;Termo ORLE/SOR Nº 285/2015 – ANATEL;-;53500.006200/2015-96
INTELSAT LICENSE LLC;IS-34;55,5ºO;-55,5CKu;Estrangeiro;Ato;29/09/2015;Ato Nº 5.848/2015;01/10/2015;53500.006200/2015-96
INTELSAT LICENSE LLC;IS-34;55,5ºO;-55,5CKu;Estrangeiro;Ato;15/09/2015;Ato Nº 5.664/2015;21/09/2015;53500.006200/2015-96
INTELSAT LICENSE LLC;IS-35e;34,5ºO;-34,5C;Estrangeiro;Ato;06/01/2026;Ato Nº 155/2026;14/01/2026;53500.097241/2025-55
INTELSAT LICENSE LLC;IS-35e;34,5ºO;-34,5C;Estrangeiro;Ato;26/06/2025;Ato Nº 7100/2025;30/06/2025;53500.102241/2024-01
INTELSAT LICENSE LLC;IS-35e;34,5ºO;-34,5C;Estrangeiro;Ato;06/09/2019;Ato Nº 5523/2019;11/09/2019;53508.006615/2016-71
INTELSAT LICENSE LLC;IS-35e;34,5ºO;-34,5C;Estrangeiro;Termo;02/03/2018;TERMO DE AUTORIZAÇÃO Nº 15/2018;19/03/2018;53508.006615/2016-71
INTELSAT LICENSE LLC;IS-35e;34,5ºO;-34,5C;Estrangeiro;Ato;10/08/2017;Ato Nº 11.151/2017;11/08/2017;53508.006615/2016-71
INTELSAT LICENSE LLC;IS-37e;18ºO;-18CKu;Estrangeiro;Ato;06/01/2026;Ato Nº 155/2026;14/01/2026;53500.097241/2025-55
INTELSAT LICENSE LLC;IS-37e;18ºO;-18CKu;Estrangeiro;Ato;08/12/2025;Ato Nº 18875/2025;10/12/2025;53500.051451/2025-05
INTELSAT LICENSE LLC;IS-37e;18ºO;-18CKu;Estrangeiro;Ato;02/07/2019;Ato Nº 4.045/2019;12/07/2019;53508.002248/2017-17
INTELSAT LICENSE LLC;IS-37e;18ºO;-18CKu;Estrangeiro;Ato;24/12/2018;Ato Nº 10.278/2018;31/12/2018;53508.002248/2017-17
INTELSAT LICENSE LLC;IS-37e;18ºO;-18CKu;Estrangeiro;Ato;20/08/2018;Ato Nº 6.298/2018;17/09/2018;53508.002248/2017-17
INTELSAT LICENSE LLC;IS-37e;18ºO;-18CKu;Estrangeiro;Termo;21/03/2018;TERMO DE AUTORIZAÇÃO Nº 14/2018;26/03/2018;53508.002248/2017-17
INTELSAT LICENSE LLC;IS-37e;18ºO;-18CKu;Estrangeiro;Ato;10/01/2018;Ato Nº 164/2018;11/01/2018;53508.002248/2017-17
IRIDIUM SATELLITE LLC;IRIDIUM;NGEO;IRI-L;Estrangeiro;Termo;01/06/2018;Termo ORLE/SOR N° 33/2018;04/06/2018;53500.014964/2015-55
IRIDIUM SATELLITE LLC;IRIDIUM;NGEO;IRI-L;Estrangeiro;Ato;15/03/2018;Ato Nº 1.817/2018;20/03/2018;53500.014964/2015-55
IRIDIUM SATELLITE LLC;IRIDIUM;NGEO;IRI-L;Estrangeiro;Termo;28/11/2016;Termo ORLE/SOR N° 240/2016;30/11/2016;53500.014964/2015-55
IRIDIUM SATELLITE LLC;IRIDIUM;NGEO;IRI-L;Estrangeiro;Ato;09/06/2016;Ato Nº 1.668/2016;10/06/2016;53500.014964/2015-55
IRIDIUM SATELLITE LLC;IRIDIUM;NGEO;IRI-L;Estrangeiro;Termo;25/08/2006;Termo PVSS/SPV Nº 010/2006-ANATEL;28/09/2006;53500.031075/2004-08
IRIDIUM SATELLITE LLC;IRIDIUM;NGEO;IRI-L;Estrangeiro;Ato;12/07/2006;Ato Nº 59.572/2006;21/07/2006;53500.031075/2004-08
KEPLER COMMUNICATIONS INC.;Sistema Kepler;NGEO;KPL-LSKu;Estrangeiro;Ato;22/03/2022;Ato Nº 4163/2022;24/03/2022;53500.065211/2020-75
KINÉIS SAS;Sistema Argos-4A;NGEO;A4A-UHF;Estrangeiro;Ato;29/04/2024;Ato Nº 6142/2024;02/05/2024;53500.011743/2023-35
KINÉIS SAS;Sistema Kinéis;NGEO;KNS-UHF;Estrangeiro;Ato;29/01/2024;Ato Nº 773/2024;30/01/2024;53500.011720/2023-21
KUIPER SYSTEMS LLC;Sistema Kuiper;NGEO;KUP-Ka;Estrangeiro;Ato;16/06/2025;Ato Nº 6768/2025;18/06/2025;53500.076413/2021-23
KUIPER SYSTEMS LLC;Sistema Kuiper;NGEO;KUP-Ka;Estrangeiro;Ato;13/12/2024;Ato Nº 17442/2024;17/12/2024;53500.076413/2021-23
KUIPER SYSTEMS LLC;Sistema Kuiper;NGEO;KUP-Ka;Estrangeiro;Ato;16/12/2022;Ato Nº 16983/2022;20/12/2022;53500.076413/2021-23
MARLINK SAS;INMARSAT-3 AOR WEST;54ºO;-54L_4;Estrangeiro;Ato;27/05/2026;Ato Nº 7146/2026;28/05/2026;53500.010731/2026-36
MARLINK SAS;INMARSAT-4 F3;98ºO;-98L;Estrangeiro;Ato;15/09/2025;Ato Nº 12874/2025;16/09/2025;53500.101602/2024-94
MARLINK SAS;INMARSAT-4 F3;98ºO;-98L;Estrangeiro;Ato;14/03/2016;Ato Nº 50.728/2016;15/03/2016;53500.004955/2009-16
MARLINK SAS;INMARSAT-4 F3;98ºO;-98L;Estrangeiro;Ato;05/06/2013;Ato Nº 3.402/2013;13/06/2013;53500.004955/2009-16
MARLINK SAS;INMARSAT-4 F3;98ºO;-98L;Estrangeiro;Termo;28/03/2013;Termo PVSS/SPV Nº 177/2013;02/04/2013;53500.004955/2009-16
MARLINK SAS;INMARSAT-4 F3;98ºO;-98L;Estrangeiro;Termo;28/03/2013;Termo PVSS/SPV Nº 174/2013;02/04/2013;53500.004955/2009-16
MARLINK SAS;INMARSAT-4 F3;98ºO;-98L;Estrangeiro;Termo;28/03/2013;Termo PVSS/SPV Nº 178/2013;02/04/2013;53500.004955/2009-16
MARLINK SAS;INMARSAT-4 F3;98ºO;-98L;Estrangeiro;Termo;28/03/2013;Termo PVSS/SPV Nº 176/2013;02/04/2013;53500.004955/2009-16
MARLINK SAS;INMARSAT-4 F3;98ºO;-98L;Estrangeiro;Termo;28/03/2013;Termo PVSS/SPV Nº 175/2013;02/04/2013;53500.004955/2009-16
MARLINK SAS;INMARSAT-4 F3;98ºO;-98L;Estrangeiro;Termo;28/03/2013;Termo PVSS/SPV Nº 173/2013;02/04/2013;53500.004955/2009-16
MARLINK SAS;INMARSAT-4 F3;98ºO;-98L;Estrangeiro;Ato;04/10/2012;Ato Nº 5.719/2012;11/10/2012;53500.004955/2009-16
MARLINK SAS;INMARSAT-4 F3;98ºO;-98L;Estrangeiro;Ato;31/07/2012;Ato Nº 4.333/2012;08/08/2012;53500.004955/2009-16
MARLINK SAS;INMARSAT-4 F3;98ºO;-98L;Estrangeiro;Ato;26/08/2010;Ato Nº 5.488/2010;16/09/2010;53500.004955/2009-16
MYRIOTA PTY. LTD.;Sistema Myriota;NGEO;MYT-S;Estrangeiro;Ato;03/02/2025;Ato Nº 1678/2025;05/02/2025;53500.026810/2024-05
NEW SKIES SATELLITES B.V.;NSS7;20ºO;-20CKu;Estrangeiro;Ato;15/07/2024;Ato Nº 10562/2024;22/07/2024;53500.021153/2011-87
NEW SKIES SATELLITES B.V.;NSS7;20ºO;-20CKu;Estrangeiro;Termo;28/01/2020;TERMO DE AUTORIZAÇÃO Nº 150/2019;29/01/2020;53500.021153/2011-87
NEW SKIES SATELLITES B.V.;NSS7;20ºO;-20CKu;Estrangeiro;Ato;11/09/2019;Ato Nº 5637/2019;12/09/2019;53500.021153/2011-87
NEW SKIES SATELLITES B.V.;NSS7;20ºO;-20CKu;Estrangeiro;Termo;03/12/2012;Termo PVSS/SPV Nº 160/2012-ANATEL;-;53500.021153/2011
NEW SKIES SATELLITES B.V.;NSS7;20ºO;-20CKu;Estrangeiro;Ato;07/08/2012;Ato Nº 4.418/2012;15/08/2012;53500.021153/2011-87
NEW SKIES SATELLITES B.V.;SES-4;22ºO;-22CKu;Estrangeiro;Ato;14/09/2017;Ato Nº 12.224/2017;24/10/2017;53500.001494/1999-99
NEW SKIES SATELLITES B.V.;SES-4;22ºO;-22CKu;Estrangeiro;Termo;13/03/2015;Termo ORLE/SOR Nº 75/2015;15/06/2015;53500.001494/1999-99
NEW SKIES SATELLITES B.V.;SES-4;22ºO;-22CKu;Estrangeiro;Ato;16/06/2014;Ato Nº 6.003/2014;25/06/2014;53500.001494/1999-99
NEW SKIES SATELLITES B.V.;SES-4;22ºO;-22CKu;Estrangeiro;Ato;22/03/2012;Ato Nº 1.609/2012;05/04/2012;53500.001494/1999-99
NEW SKIES SATELLITES B.V.;SES-4;22ºO;-22CKu;Estrangeiro;Termo;01/11/2006;Termo PVSS/SPV Nº 013/2006-ANATEL;04/01/2007;53500.001494/1999-99
NEW SKIES SATELLITES B.V.;SES-4;22ºO;-22CKu;Estrangeiro;Ato;18/10/2006;Ato Nº 61.404/2006;25/10/2006;53500.001494/1999
NEW SKIES SATELLITES B.V.;SES-4;22ºO;-22CKu;Estrangeiro;Ato;22/11/2004;Ato Nº 47.894/2004;29/11/2004;53500.020828/2004
NEW SKIES SATELLITES B.V.;SES-4;22ºO;-22CKu;Estrangeiro;Ato;19/12/2002;Ato Nº 32.455/2002;23/12/2002;53500.001494/1999
NEW SKIES SATELLITES B.V.;SES-4;22ºO;-22CKu;Estrangeiro;Ato;11/07/2002;Ato N° 27.131/2002;15/07/2002;53500.001494/1999
NEW SKIES SATELLITES B.V.;SES-4;22ºO;-22CKu;Estrangeiro;Ato;30/06/1999;Ato Nº 3.930/1999;01/07/1999;53500.001494/1999
NEW SKIES SATELLITES B.V.;SES-6;40,5ºO;-40,5CC30BKu;Estrangeiro;Ato;19/12/2013;Ato Nº 7.684/2013;24/12/2013;53500.000155/2012-13
NEW SKIES SATELLITES B.V.;SES-6;40,5ºO;-40,5CC30BKu;Estrangeiro;Termo;22/08/2013;Termo ORLE/SOR Nº 01/2013-ANATEL;17/09/2013;53500.000155/2012-13
NEW SKIES SATELLITES B.V.;SES-6;40,5ºO;-40,5CC30BKu;Estrangeiro;Ato;03/06/2013;Ato Nº 3.126/2013;12/06/2013;53500.000155/2012-13
NEW SKIES SATELLITES B.V.;SES-10;67ºO;-67Ku;Estrangeiro;Ato;10/09/2025;Ato Nº 12436/2025;11/09/2025;53500.100377/2024-79
NEW SKIES SATELLITES B.V.;SES-10;67ºO;-67Ku;Estrangeiro;Ato;04/02/2020;Ato Nº 629/2020;06/02/2020;53500.211049/2015-14
NEW SKIES SATELLITES B.V.;SES-10;67ºO;-67Ku;Estrangeiro;Ato;07/05/2018;Ato Nº 3.413/2018;16/05/2018;53500.211049/2015-14
NEW SKIES SATELLITES B.V.;SES-10;67ºO;-67Ku;Estrangeiro;Termo;18/12/2017;Termo de Autorização Nº 137/2017;20/12/2017;53500.211049/2015-14
NEW SKIES SATELLITES B.V.;SES-10;67ºO;-67Ku;Estrangeiro;Ato;25/09/2017;Ato Nº 12.506/2017;26/09/2017;53500.211049/2015-14
OMNISPACE LLC;Sistema Omnispace F2;NGEO;OMN-S;Estrangeiro;Ato;11/01/2024;Ato Nº 251/2024;12/01/2024;53500.010791/2023-14
ONEWEB LIMITED;Sistema Oneweb;NGEO;OWB-KuKa;Estrangeiro;Ato;18/05/2026;Ato Nº 6745/2026;21/05/2026;53500.046356/2022-39
ONEWEB LIMITED;Sistema Oneweb;NGEO;OWB-KuKa;Estrangeiro;Ato;29/04/2024;Ato Nº 6091/2024;24/05/2024;53500.046356/2022-39
ONEWEB LIMITED;Sistema Oneweb;NGEO;OWB-KuKa;Estrangeiro;Ato;26/04/2024;Ato Nº 5981/2024;24/05/2024;53500.046356/2022-39
ONEWEB LIMITED;Sistema Oneweb;NGEO;OWB-KuKa;Estrangeiro;Ato;29/12/2023;Ato Nº 17818/2023;12/01/2024;53500.046356/2022-39
ONEWEB LIMITED;Sistema Oneweb;NGEO;OWB-KuKa;Estrangeiro;Ato;25/10/2023;Ato Nº 15171/2023;06/11/2023;53500.046356/2022-39
ONEWEB LIMITED;Sistema Oneweb;NGEO;OWB-KuKa;Estrangeiro;Ato;25/07/2023;Ato Nº 10634/2023;04/08/2023;53500.046356/2022-39
ONEWEB LIMITED;Sistema Oneweb;NGEO;OWB-KuKa;Estrangeiro;Ato;15/07/2022;Ato Nº 10504/2022;18/07/2022;53500.046356/2022-39
ONEWEB LIMITED;Sistema Oneweb;NGEO;OWB-KuKa;Estrangeiro;Ato;15/07/2022;Retificação do Ato Nº 10504/2022;29/09/2023;53500.046356/2022-39
ORBCOMM INC.;Sistema Orbcomm;NGEO;ORB-VHF;Estrangeiro;Ato;02/03/2026;Ato Nº 3017/2026;05/03/2026;53500.069585/2024-93
ORBCOMM INC.;Sistema Orbcomm;NGEO;ORB-VHF;Estrangeiro;Ato;02/04/2025;Ato Nº 3808/2025;04/04/2025;53500.069585/2024-93
ORBCOMM INC.;Sistema Orbcomm;NGEO;ORB-VHF;Estrangeiro;Termo aditivo;20/01/2023;Aditamento ao Termo de Autorização Nº 115/2015;24/01/2023;53500.000308/2014-94
ORBCOMM INC.;Sistema Orbcomm;NGEO;ORB-VHF;Estrangeiro;Ato;21/12/2022;Ato Nº 17145/2022;23/12/2022;53500.000308/2014-94
ORBCOMM INC.;Sistema Orbcomm;NGEO;ORB-VHF;Estrangeiro;Termo;07/04/2015;Termo ORLE/SOR Nº 115/2015-ANATEL;12/08/2015;53500.000308/2014-94
ORBCOMM INC.;Sistema Orbcomm;NGEO;ORB-VHF;Estrangeiro;Ato;10/04/2014;Ato N° 4.561/2014;11/04/2014;53500.000308/2014-94
RUSSIAN SATELLITE COMMUNICATIONS COMPANY (RSCC);EXPRESS AM8;14ºO;-14C_1;Estrangeiro;Ato;31/08/2022;Ato Nº 12408/2022;02/09/2022;53500.017122/2022-84
SATELIO IOT SERVICES S.L.;Sistema Sateliot;NGEO;SLT-S;Estrangeiro;Ato;22/10/2025;Ato Nº 15665/2025;05/11/2025;53500.079528/2025-01
SATELIO IOT SERVICES S.L.;Sistema Sateliot;NGEO;SLT-S;Estrangeiro;Ato;29/01/2025;Ato Nº 1445/2025;31/01/2025;53500.057251/2023-96
SES ASTRA S.A.;SES-17;67ºO;-67Ka;Estrangeiro;Ato;01/06/2023;Ato Nº 6586/2023;02/06/2023;53500.299935/2022-82
SES ASTRA S.A.;SES-17;67ºO;-67Ka;Estrangeiro;Termo;06/04/2021;Termo  de Autorização nº 6/2021;12/04/2021;53500.024300/2020-61
SES ASTRA S.A.;SES-17;67ºO;-67Ka;Estrangeiro;Ato;01/02/2021;Ato Nº 695/2021;02/02/2021;53500.024300/2020-61
SES DTH DO BRASIL LTDA;SES-14;47,5ºO;-47,5CKuKa;Brasileiro;Termo aditivo;07/08/2018;2º Aditamento ao Termo ORLE/SOR N° 2/2014 – ANATEL;09/08/2018;53500.021279/2014-02
SES DTH DO BRASIL LTDA;SES-14;47,5ºO;-47,5CKuKa;Brasileiro;Termo aditivo;14/05/2018;Aditamento ao Termo ORLE/SOR N° 2/2014 – ANATEL;15/05/2018;53500.021279/2014-02
SES DTH DO BRASIL LTDA;SES-14;47,5ºO;-47,5CKuKa;Brasileiro;Ato;01/03/2018;Ato Nº 1.373/2018;02/03/2018;53500.021279/2014-02
SES DTH DO BRASIL LTDA;SES-14;47,5ºO;-47,5CKuKa;Brasileiro;Termo;12/08/2014;Termo ORLE/SOR N° 2/2014 – ANATEL;13/08/2014;53500.021279/2014-02
SES DTH DO BRASIL LTDA;SES-14;47,5ºO;-47,5CKuKa;Brasileiro;Ato;06/08/2014;Ato Nº 6.915/2014;08/08/2014;53500.006744/2014-77
SHANGHAI SPACESAIL TECHNOLOGIES CO. LTD.;Sistema Spacesail;NGEO;SPS-KuQV;Estrangeiro;Ato;10/04/2026;Ato Nº 5204/2026;13/04/2026;53500.101314/2025-11
SKYNET SATELLITE CORPORATION;Telstar 12V;15ºO;-15Ku;Estrangeiro;Ato;27/03/2024;Ato Nº 3634/2024;28/03/2024;53500.078974/2023-29
SKYNET SATELLITE CORPORATION;Telstar 12V;15ºO;-15Ku;Estrangeiro;Ato;22/07/2019;Ato N° 4.382/2019;29/07/2019;53500.008675/2015-17
SKYNET SATELLITE CORPORATION;Telstar 12V;15ºO;-15Ku;Estrangeiro;Ato;17/11/2017;Ato Nº 13932/2017;11/12/2017;53500.008675/2015-17
SKYNET SATELLITE CORPORATION;Telstar 12V;15ºO;-15Ku;Estrangeiro;Termo;22/02/2017;Termo de Autorização Nº 1/2017;24/02/2017;53500.008675/2015-17
SKYNET SATELLITE CORPORATION;Telstar 12V;15ºO;-15Ku;Estrangeiro;Ato;07/02/2017;Ato Nº 676/2017;13/02/2017;53500.008675/2015-17
SKYNET SATELLITE CORPORATION;Telstar 12V;15ºO;-15Ku;Estrangeiro;Ato;16/12/2016;Ato Nº 5.500/2016;20/12/2016;53500.008675/2015-17
SKYNET SATELLITE CORPORATION;Telstar 12V;15ºO;-15Ku;Estrangeiro;Ato;17/06/2016;Ato Nº 1.843/2016;22/07/2016;53500.008675/2015-17
SKYNET SATELLITE CORPORATION;Telstar 12V;15ºO;-15Ku;Estrangeiro;Ato;05/05/2016;Ato Nº 1.316/2016;09/05/2016;53500.008675/2015-17
SPACE EXPLORATION HOLDINGS, LLC;Sistema Starlink;NGEO;SLK-KuKaE;Estrangeiro;Ato;11/04/2025;Ato Nº 4139/2025;14/04/2025;53500.114602/2023-73
SPACE EXPLORATION HOLDINGS, LLC;Sistema Starlink;NGEO;SLK-KuKaE;Estrangeiro;Ato;23/02/2023;Ato Nº 1861/2023;24/02/2023;53500.039292/2021-39
SPACE EXPLORATION HOLDINGS, LLC;Sistema Starlink;NGEO;SLK-KuKaE;Estrangeiro;Ato;23/02/2023;Retificação do Ato Nº 1861/2023;-;53500.039292/2021-39
SPACE EXPLORATION HOLDINGS, LLC;Sistema Starlink;NGEO;SLK-KuKaE;Estrangeiro;Ato;07/02/2022;Ato Nº 2174/2022;08/02/2022;53500.030333/2021-21
TELECOMUNICACOES BRASILEIRAS SA TELEBRAS;SGDC;75ºO;-75Ka;Brasileiro;Termo aditivo;20/06/2022;Aditamento ao Termo de Direito de Exploração ORLE/SOR Nº 05/2014;27/06/2022;53500.056990/2017-12
TELECOMUNICACOES BRASILEIRAS SA TELEBRAS;SGDC;75ºO;-75Ka;Brasileiro;Ato;10/08/2021;Ato Nº 5.958/2021;19/08/2021;53500.056990/2017-12
TELECOMUNICACOES BRASILEIRAS SA TELEBRAS;SGDC;75ºO;-75Ka;Brasileiro;Termo;25/08/2014;Termo ORLE/SOR Nº 5/2014-ANATEL;29/08/2014;53500.021531/2013-94
TELECOMUNICACOES BRASILEIRAS SA TELEBRAS;SGDC;75ºO;-75Ka;Brasileiro;Ato;07/01/2014;Ato Nº 76/2014;14/01/2014;"53500.021531/2013;"
TELESAT BRASIL CAPACIDADE DE SATÉLITES LTDA;Estrela do Sul 2;63ºO;-63Ku;Brasileiro;Ato;17/11/2023;Ato Nº 16129/2023;20/11/2023;53500.047826/2023-62
TELESAT BRASIL CAPACIDADE DE SATÉLITES LTDA;Estrela do Sul 2;63ºO;-63Ku;Brasileiro;Ato;19/04/2023;Ato Nº 4420/2023;25/04/2023;53500.025715/2009-47
TELESAT BRASIL CAPACIDADE DE SATÉLITES LTDA;Estrela do Sul 2;63ºO;-63Ku;Brasileiro;Termo;02/03/2016;Termo ORLE/SOR N° 002/2016 – ANATEL;04/03/2016;53500.007759/2015-33
TELESAT BRASIL CAPACIDADE DE SATÉLITES LTDA;Estrela do Sul 2;63ºO;-63Ku;Brasileiro;Ato;24/02/2016;Ato N° 50.474/2016;25/02/2016;53500.007759/2015-33
TELESAT BRASIL CAPACIDADE DE SATÉLITES LTDA;Estrela do Sul 2;63ºO;-63Ku;Brasileiro;Termo;19/12/2008;Termo PVSS/SPV N° 006/2008 – ANATEL;23/12/2008;53500.025715/2009-47
TELESAT BRASIL CAPACIDADE DE SATÉLITES LTDA;Estrela do Sul 2;63ºO;-63Ku;Brasileiro;Ato;01/12/2008;Ato N° 7.446/2008;09/12/2008;53500.025715/2009-47
TELESAT BRASIL CAPACIDADE DE SATÉLITES LTDA;Telstar 19 Vantage;63ºO;-63Ku;Brasileiro;Ato;17/11/2023;Ato Nº 16127/2023;20/11/2023;53500.048607/2023-09
TELESAT BRASIL CAPACIDADE DE SATÉLITES LTDA;Telstar 19 Vantage;63ºO;-63Ku;Brasileiro;Ato;19/04/2023;Ato Nº 4427/2023;25/04/2023;53500.025715/2009-47
TELESAT BRASIL CAPACIDADE DE SATÉLITES LTDA;Telstar 19 Vantage;63ºO;-63Ka;Brasileiro;Termo;02/03/2016;Termo ORLE/SOR N° 001/2016 – ANATEL;04/03/2016;53500.007759/2015-33
TELESAT BRASIL CAPACIDADE DE SATÉLITES LTDA;Telstar 19 Vantage;63ºO;-63Ka;Brasileiro;Ato;24/02/2016;Ato N° 50.472/2016;25/02/2016;53500.007759/2015-33
TELESAT BRASIL CAPACIDADE DE SATÉLITES LTDA;Telstar 19 Vantage;63ºO;-63Ku30B;Brasileiro;;;;;
TELESAT LEO ULC;Sistema Telesat Lightspeed;NGEO;TLS-Ka;Estrangeiro;Ato;17/06/2024;Ato Nº 9374/2024;18/06/2024;53500.042080/2021-39
TELESAT LEO ULC;Sistema Telesat Lightspeed;NGEO;TLS-Ka;Estrangeiro;Ato;17/05/2022;Ato Nº 6847/2022;19/05/2022;53500.042080/2021-39
"VIASAT INCORPORATED's";ViaSat-3 (89W);89ºO;-89Ka;Estrangeiro;Termo;16/02/2022;TERMO DE AUTORIZAÇÃO Nº 50/2021;17/02/2022;53500.023357/2021-24
"VIASAT INCORPORATED's";ViaSat-3 (89W);89ºO;-89Ka;Estrangeiro;Ato;20/10/2021;Ato Nº 9307/2021;22/10/2021;53500.023357/2021-24
VIASAT SATELLITE HOLDINGS, LTD.;ViaSat-3 (79W);79ºO;-79Ka_2;Estrangeiro;Ato;02/07/2025;Ato Nº 7315/2025;03/07/2025;53500.086119/2024-72
VIASAT SATELLITE HOLDINGS, LTD.;ViaSat-3 (89W);89ºO;-89Ka;Estrangeiro;Termo;16/02/2022;TERMO DE AUTORIZAÇÃO Nº 51/2021;17/02/2022;53500.023357/2021-24
VIASAT SATELLITE HOLDINGS, LTD.;ViaSat-3 (89W);89ºO;-89Ka;Estrangeiro;Ato;20/10/2021;Ato Nº 9308/2021;22/10/2021;53500.023357/2021-24
WORLDVU SATELLITES LIMITED;Sistema Oneweb;NGEO;OWB-KuKa;Estrangeiro;Ato;18/05/2026;Ato Nº 6745/2026;21/05/2026;53500.046356/2022-39
WORLDVU SATELLITES LIMITED;Sistema Oneweb;NGEO;OWB-KuKa;Estrangeiro;Ato;29/04/2024;Ato Nº 6090/2024;24/05/2024;53500.046356/2022-39
WORLDVU SATELLITES LIMITED;Sistema Oneweb;NGEO;OWB-KuKa;Estrangeiro;Ato;26/04/2024;Ato Nº 5980/2024;24/05/2024;53500.046356/2022-39
WORLDVU SATELLITES LIMITED;Sistema Oneweb;NGEO;OWB-KuKa;Estrangeiro;Ato;29/12/2023;Ato Nº 17817/2023;12/01/2024;53500.046356/2022-39
WORLDVU SATELLITES LIMITED;Sistema Oneweb;NGEO;OWB-KuKa;Estrangeiro;Ato;25/10/2023;Ato Nº 15170/2023;06/11/2023;53500.046356/2022-39
WORLDVU SATELLITES LIMITED;Sistema Oneweb;NGEO;OWB-KuKa;Estrangeiro;Ato;25/07/2023;Ato Nº 10633/2023;04/08/2023;53500.046356/2022-39
WORLDVU SATELLITES LIMITED;Sistema Oneweb;NGEO;OWB-KuKa;Estrangeiro;Ato;15/07/2022;Ato Nº 10495/2022;18/07/2022;53500.046356/2022-39
