Código do Direito de Exploração (Code);Satélite (Satellite);Operadora (Operator);Representante Legal do Satélite no Brasil (Legal representative);Tipo de Direito (Type of landing right)
-3KuC;ABS-3A;ABS SINGAPORE SATELLITE PTE. LTD.;ABS BRASIL CAPACIDADE SATELITAL LTDA;Estrangeiro
-20Ka;AL YAH 3;HUGHES TELECOMUNICAÇÕES DO BRASIL LTDA.;HUGHES TELECOMUNICAÇÕES DO BRASIL LTDA.;Brasileiro
-61C;AMAZONAS 3;HISPAMAR SATELITES S.A.;HISPAMAR SATELITES S.A.;Brasileiro
-61KuKa;AMAZONAS 3;HISPAMAR SATELITES S.A.;HISPAMAR SATELITES S.A.;Brasileiro
-61Ku3030A;AMAZONAS 5;HISPAMAR SATELITES S.A.;HISPAMAR SATELITES S.A.;Brasileiro
-61KuKa;AMAZONAS 5;HISPAMAR SATELITES S.A.;HISPAMAR SATELITES S.A.;Brasileiro
-61KuKa;AMAZONAS NEXUS;HISPAMAR SATELITES S.A.;HISPAMAR SATELITES S.A.;Brasileiro
-61Ku30B;AMAZONAS NEXUS;HISPASAT S.A.;HISPASAT BRASIL LTDA;Estrangeiro
-61Ku30B;AMAZONAS NEXUS;HISPASAT S.A.;HISPAMAR SATELITES S.A.;Estrangeiro
-63Ku;Estrela do Sul 2;TELESAT BRASIL CAPACIDADE DE SATÉLITES LTDA;TELESAT BRASIL CAPACIDADE DE SATÉLITES LTDA;Brasileiro
3CKa;EUTELSAT 3B;EUTELSAT S/A;EUTELSAT DO BRASIL LTDA;Estrangeiro
-8CKu;EUTELSAT 8 WEST B;EUTELSAT S/A;EUTELSAT DO BRASIL LTDA;Estrangeiro
-65Ku;EUTELSAT 65 West A;EMBRATEL TVSAT TELECOMUNICAÇÕES S.A.;EMBRATEL TVSAT TELECOMUNICAÇÕES S.A.;Brasileiro
-65C30BKu30BKa;EUTELSAT 65 West A;EUTELSAT DO BRASIL LTDA;EUTELSAT DO BRASIL LTDA;Brasileiro
-14C_1;EXPRESS AM8;RUSSIAN SATELLITE COMMUNICATIONS COMPANY (RSCC);ROMANTIS BRASIL CAPACIDADE DE SATELITES EIRELI;Estrangeiro
-89CKU_3;GALAXY 28;INTELSAT LICENSE LLC;INTELSAT BRASIL LTDA;Estrangeiro
-89CKU_3;GALAXY 28;INTELSAT LICENSE LLC;NEW SKIES SATELLITES LTDA.;Estrangeiro
-55Ka;Global Xpress;INMARSAT GLOBAL LIMITED;INMARSAT BRASIL SATELITES LTDA;Estrangeiro
-55Ka;Global Xpress;INMARSAT GLOBAL LIMITED;PIVOTEL BRASIL SATÉLITES LTDA;Estrangeiro
-55Ka;Global Xpress;INMARSAT GLOBAL LIMITED;TRUCKS PROVEDORA DE COMUNICACOES E SERVICOS DE SATELITE LTDA;Estrangeiro
-55Ka;Global Xpress;INMARSAT GLOBAL LIMITED;ONIXTEL COMUNICAÇÕES LTDA;Estrangeiro
-55Ka;Global Xpress;INMARSAT GLOBAL LIMITED;VIASAT BRASIL PARTICIPAÇÕES LTDA.;Estrangeiro
-55Ka;Global Xpress;INMARSAT GLOBAL LIMITED;CAPROCK PARTICIPACOES DO BRASIL LTDA.;Estrangeiro
-55Ka;Global Xpress;INMARSAT GLOBAL LIMITED;ARYCOM CAPACIDADE SATELITAL LTDA;Estrangeiro
-55Ka;Global Xpress;INMARSAT GLOBAL LIMITED;MACKAY MARINE DO BRASIL SERVICOS DE ELETRONICA NAVAL LTDA;Estrangeiro
-55Ka;Global Xpress;INMARSAT GLOBAL LIMITED;INTERSATELLITE DO BRASIL LTDA;Estrangeiro
-55Ka;Global Xpress;INMARSAT GLOBAL LIMITED;MARLINK PARTICIPAÇÕES E SERVIÇOS LTDA;Estrangeiro
-55Ka;Global Xpress;INMARSAT GLOBAL LIMITED;SATCOM DIRECT CAPACIDADE SATELITAL LTDA.;Estrangeiro
-55Ka;Global Xpress;INMARSAT GLOBAL LIMITED;HONEYWELL AEROESPACIAL DO BRASIL LTDA.;Estrangeiro
-55Ka;Global Xpress;INMARSAT GLOBAL LIMITED;HONEYWELL DO BRASIL LTDA.;Estrangeiro
-55Ka;Global Xpress;INMARSAT GLOBAL LIMITED;RADIOMAR ELETRÔNICA NAVAL LTDA;Estrangeiro
-30C30BKu30BKu;HISPASAT 30W-6;HISPASAT S.A.;HISPASAT BRASIL LTDA;Estrangeiro
-36Ku;HISPASAT 36W-1;HISPASAT S.A.;HISPASAT BRASIL LTDA;Estrangeiro
-74Ku3030A;HISPASAT 74W-1;HISPAMAR SATELITES S.A.;HISPAMAR SATELITES S.A.;Brasileiro
-54L_4;INMARSAT-3 AOR WEST;INMARSAT SOLUTIONS (CANADA) INC.;TRUCKS PROVEDORA DE COMUNICAÇÕES E SERVIÇOS DE SATÉLITE LTDA;Estrangeiro
-54L_4;INMARSAT-3 AOR WEST;INMARSAT SOLUTIONS (CANADA) INC.;INTERSATELLITE DO BRASIL LTDA;Estrangeiro
-54L_4;INMARSAT-3 AOR WEST;INMARSAT SOLUTIONS (CANADA) INC.;VIASAT BRASIL PARTICIPAÇÕES LTDA;Estrangeiro
-54L_4;INMARSAT-3 AOR WEST;INMARSAT SOLUTIONS (CANADA) INC.;ARYCOM TECNOLOGIA E COMUNICAÇÕES LTDA;Estrangeiro
-54L_4;INMARSAT-3 AOR WEST;INMARSAT SOLUTIONS (CANADA) INC.;INMARSAT BRASIL SATÉLITES LTDA;Estrangeiro
-54L_4;INMARSAT-3 AOR WEST;INMARSAT SOLUTIONS (CANADA) INC.;HONEYWELL DO BRASIL LTDA;Estrangeiro
-54L_4;INMARSAT-3 AOR WEST;INMARSAT SOLUTIONS (CANADA) INC.;ARINC SERVIÇOS DE COMUNICAÇÃO E GESTÃO DA INFORMAÇÃO LTDA;Estrangeiro
-54L_4;INMARSAT-3 AOR WEST;INMARSAT SOLUTIONS (CANADA) INC.;SITA INC DO BRASIL HOLDINGS LTDA;Estrangeiro
-54L_4;INMARSAT-3 AOR WEST;INMARSAT SOLUTIONS (CANADA) INC.;ORBCOMM COMUNICAÇÕES VIA SATÉLITE LTDA;Estrangeiro
-54L_4;INMARSAT-3 AOR WEST;INMARSAT SOLUTIONS (CANADA) INC.;HONEYWELL AEROESPACIAL DO BRASIL LTDA;Estrangeiro
-54L_4;INMARSAT-3 AOR WEST;INMARSAT SOLUTIONS (CANADA) INC.;TELEFÔNICA GLOBAL SOLUTIONS BRASIL LTDA;Estrangeiro
-54L_4;INMARSAT-3 AOR WEST;INMARSAT SOLUTIONS (CANADA) INC.;SATCOM DIRECT CAPACIDADE SATELITAL LTDA;Estrangeiro
-54L_4;INMARSAT-3 AOR WEST;INMARSAT SOLUTIONS (CANADA) INC.;GUARDIAN CAR DO BRASIL COMÉRCIO DE EQUIPAMENTOS PARA MONITORAMENTO VEICULAR LTDA;Estrangeiro
-54L_4;INMARSAT-3 AOR WEST;MARLINK SAS;MARLINK PARTICIPAÇÕES E SERVIÇOS LTDA;Estrangeiro
-54L_3;INMARSAT-4 F1;INMARSAT SOLUTIONS (CANADA) INC.;VIASAT BRASIL PARTICIPAÇÕES LTDA.;Estrangeiro
-54L_3;INMARSAT-4 F1;INMARSAT SOLUTIONS (CANADA) INC.;INMARSAT BRASIL SATELITES LTDA;Estrangeiro
-98L;INMARSAT-4 F3;INMARSAT SOLUTIONS (CANADA) INC.;ARINC SERVIÇOS DE COMUNICAÇÃO E GESTÃO DA INFORMAÇÃO LTDA;Estrangeiro
-98L;INMARSAT-4 F3;INMARSAT SOLUTIONS (CANADA) INC.;SATCOM DIRECT CAPACIDADE SATELITAL LTDA.;Estrangeiro
-98L;INMARSAT-4 F3;INMARSAT SOLUTIONS (CANADA) INC.;MYRIOTA BRASIL LTDA.;Estrangeiro
-98L;INMARSAT-4 F3;INMARSAT SOLUTIONS (CANADA) INC.;GUARDIAN CAR DO BRASIL COMÉRCIO DE EQUIPAMENTOS PARA MONITORAMENTO VEICULAR LTDA;Estrangeiro
-98L;INMARSAT-4 F3;INMARSAT SOLUTIONS (CANADA) INC.;VIASAT BRASIL PARTICIPAÇÕES LTDA.;Estrangeiro
-98L;INMARSAT-4 F3;INMARSAT SOLUTIONS (CANADA) INC.;HONEYWELL AEROESPACIAL DO BRASIL LTDA.;Estrangeiro
-98L;INMARSAT-4 F3;INMARSAT SOLUTIONS (CANADA) INC.;INTERSATELLITE DO BRASIL LTDA;Estrangeiro
-98L;INMARSAT-4 F3;INMARSAT SOLUTIONS (CANADA) INC.;ARYCOM CAPACIDADE SATELITAL LTDA;Estrangeiro
-98L;INMARSAT-4 F3;INMARSAT SOLUTIONS (CANADA) INC.;ONIXTEL COMUNICAÇÕES LTDA;Estrangeiro
-98L;INMARSAT-4 F3;INMARSAT SOLUTIONS (CANADA) INC.;ORBCOMM COMUNICAÇÕES VIA SATÉLITE LTDA;Estrangeiro
-98L;INMARSAT-4 F3;INMARSAT SOLUTIONS (CANADA) INC.;CAPROCK PARTICIPACOES DO BRASIL LTDA.;Estrangeiro
-98L;INMARSAT-4 F3;INMARSAT SOLUTIONS (CANADA) INC.;TRUCKS PROVEDORA DE COMUNICACOES E SERVICOS DE SATELITE LTDA;Estrangeiro
-98L;INMARSAT-4 F3;INMARSAT SOLUTIONS (CANADA) INC.;SITA INC DO BRASIL HOLDINGS LTDA;Estrangeiro
-98L;INMARSAT-4 F3;INMARSAT SOLUTIONS (CANADA) INC.;TELEFONICA GLOBAL SOLUTIONS BRASIL LTDA.;Estrangeiro
-98L;INMARSAT-4 F3;INMARSAT SOLUTIONS (CANADA) INC.;HONEYWELL DO BRASIL LTDA.;Estrangeiro
-98L;INMARSAT-4 F3;INMARSAT SOLUTIONS (CANADA) INC.;COMPETRO COMUNICAÇÕES HOLDINGS DO BRASIL LTDA;Estrangeiro
-98L;INMARSAT-4 F3;INMARSAT SOLUTIONS (CANADA) INC.;INMARSAT BRASIL SATELITES LTDA;Estrangeiro
-98L;INMARSAT-4 F3;INMARSAT SOLUTIONS B.V.;PULSAR BRASIL SATELITES LTDA;Estrangeiro
-98L;INMARSAT-4 F3;MARLINK SAS;MARLINK PARTICIPAÇÕES E SERVIÇOS LTDA;Estrangeiro
IRI-L;IRIDIUM;IRIDIUM SATELLITE LLC;IRIDIUM SERVIÇOS DE SATÉLITES S.A;Estrangeiro
-1C;IS 10-02;INTELSAT LICENSE LLC;INTELSAT BRASIL LTDA;Estrangeiro
-1C;IS 10-02;INTELSAT LICENSE LLC;NEW SKIES SATELLITES LTDA.;Estrangeiro
-45C;IS-14;INTELSAT LICENSE LLC;INTELSAT BRASIL LTDA;Estrangeiro
-45C;IS-14;INTELSAT LICENSE LLC;NEW SKIES SATELLITES LTDA.;Estrangeiro
-58CKu_2;IS-21;INTELSAT LICENSE LLC;NEW SKIES SATELLITES LTDA.;Estrangeiro
-58CKu_2;IS-21;INTELSAT LICENSE LLC;INTELSAT BRASIL LTDA;Estrangeiro
-95Ku;IS-30;INTELSAT LICENSE LLC;GLA BRASIL LTDA;Estrangeiro
-95Ku_3;IS-31;INTELSAT LICENSE LLC;GLA BRASIL LTDA;Estrangeiro
-55,5CKu;IS-34;INTELSAT LICENSE LLC;INTELSAT BRASIL LTDA;Estrangeiro
-55,5CKu;IS-34;INTELSAT LICENSE LLC;NEW SKIES SATELLITES LTDA.;Estrangeiro
-55,5CKu;IS-34;INTELSAT LICENSE LLC;HISPASAT BRASIL LTDA;Estrangeiro
-34,5C;IS-35e;INTELSAT LICENSE LLC;NEW SKIES SATELLITES LTDA.;Estrangeiro
-34,5C;IS-35e;INTELSAT LICENSE LLC;INTELSAT BRASIL LTDA;Estrangeiro
-18CKu;IS-37e;INTELSAT LICENSE LLC;NEW SKIES SATELLITES LTDA.;Estrangeiro
-18CKu;IS-37e;INTELSAT LICENSE LLC;INTELSAT BRASIL LTDA;Estrangeiro
-95,2Ka;JUPITER 3;HUGHES NETWORK SYSTEMS LLC;HNS AMERICAS COMUNICAÇÕES LTDA;Estrangeiro
-63C;ND;EMBRATEL TVSAT TELECOMUNICAÇÕES S.A.;EMBRATEL TVSAT TELECOMUNICAÇÕES S.A.;Brasileiro
-68C;ND;EMBRATEL TVSAT TELECOMUNICAÇÕES S.A.;EMBRATEL TVSAT TELECOMUNICAÇÕES S.A.;Brasileiro
-20CKu;NSS7;NEW SKIES SATELLITES B.V.;NEW SKIES SATELLITES LTDA.;Estrangeiro
-22CKu;SES-4;NEW SKIES SATELLITES B.V.;NEW SKIES SATELLITES LTDA.;Estrangeiro
-40,5CC30BKu;SES-6;NEW SKIES SATELLITES B.V.;NEW SKIES SATELLITES LTDA.;Estrangeiro
-67Ku;SES-10;NEW SKIES SATELLITES B.V.;NEW SKIES SATELLITES LTDA.;Estrangeiro
-47,5CKuKa;SES-14;SES DTH DO BRASIL LTDA;SES DTH DO BRASIL LTDA;Brasileiro
-67Ka;SES-17;SES ASTRA S.A.;NEW SKIES SATELLITES LTDA.;Estrangeiro
-75Ka;SGDC;TELECOMUNICACOES BRASILEIRAS SA TELEBRAS;TELECOMUNICACOES BRASILEIRAS SA TELEBRAS;Brasileiro
A4A-UHF;Sistema Argos-4A;KINÉIS SAS;KINÉIS DO BRASIL LTDA.;Estrangeiro
ECH-S;Sistema Echostar Global;ECHOSTAR GLOBAL AUSTRALIA PTY;ECHOSTAR DO BRASIL PARTICIPAÇÕES LTDA.;Estrangeiro
GLO-CSL;Sistema Globalstar;GLOBALSTAR LICENSEE LLC;GLOBALSTAR DO BRASIL HOLDINGS LTDA;Estrangeiro
KPL-LSKu;Sistema Kepler;KEPLER COMMUNICATIONS INC.;VISUMTEC SERVIÇOS DE ENGENHARIA DE TELECOMUNICAÇÃO E INFORMÁTICA LTDA.;Estrangeiro
KNS-UHF;Sistema Kinéis;KINÉIS SAS;KINÉIS DO BRASIL LTDA.;Estrangeiro
KUP-Ka;Sistema Kuiper;KUIPER SYSTEMS LLC;AMAZON KUIPER BRASIL LTDA.;Estrangeiro
MYT-S;Sistema Myriota;MYRIOTA PTY. LTD.;MYRIOTA BRASIL LTDA;Estrangeiro
O3B-Ka;Sistema O3B;ASTRA (GB) LIMITED;NEW SKIES SATELLITES LTDA.;Estrangeiro
OMN-S;Sistema Omnispace F2;OMNISPACE LLC;OMNISPACE COMUNICAÇÕES BRASIL LTDA.;Estrangeiro
OWB-KuKa;Sistema Oneweb;ONEWEB LIMITED;EUTELSAT DO BRASIL LTDA;Estrangeiro
OWB-KuKa;Sistema Oneweb;ONEWEB LIMITED;VIASAT BRASIL PARTICIPAÇÕES LTDA.;Estrangeiro
OWB-KuKa;Sistema Oneweb;ONEWEB LIMITED;ONEWEB CAPACIDADE SATELITAL LTDA.;Estrangeiro
OWB-KuKa;Sistema Oneweb;ONEWEB LIMITED;COMPETRO COMUNICAÇÕES HOLDINGS DO BRASIL LTDA;Estrangeiro
OWB-KuKa;Sistema Oneweb;ONEWEB LIMITED;HNS AMERICAS COMUNICACOES LTDA;Estrangeiro
OWB-KuKa;Sistema Oneweb;WORLDVU SATELLITES LIMITED;VIASAT BRASIL PARTICIPAÇÕES LTDA.;Estrangeiro
OWB-KuKa;Sistema Oneweb;WORLDVU SATELLITES LIMITED;COMPETRO COMUNICAÇÕES HOLDINGS DO BRASIL LTDA;Estrangeiro
OWB-KuKa;Sistema Oneweb;WORLDVU SATELLITES LIMITED;ONEWEB CAPACIDADE SATELITAL LTDA.;Estrangeiro
OWB-KuKa;Sistema Oneweb;WORLDVU SATELLITES LIMITED;EUTELSAT DO BRASIL LTDA;Estrangeiro
OWB-KuKa;Sistema Oneweb;WORLDVU SATELLITES LIMITED;HNS AMERICAS COMUNICACOES LTDA;Estrangeiro
ORB-VHF;Sistema Orbcomm;ORBCOMM INC.;ORBCOMM COMUNICAÇÕES VIA SATÉLITE LTDA;Estrangeiro
SLT-S;Sistema Sateliot;SATELIO IOT SERVICES S.L.;SATELIO IOT SERVICES BRASIL LTDA;Estrangeiro
SEM-VHF;Sistema Semaphore;E-SPACE AFRICA LIMITED;E-SPACE BRAZIL HOLDINGS LTDA.;Estrangeiro
SMB-SQV;Sistema Spacemobile;AST & SCIENCE, LLC;AST & SCIENCE DO BRASIL LTDA;Estrangeiro
SPS-KuQV;Sistema Spacesail;SHANGHAI SPACESAIL TECHNOLOGIES CO. LTD.;SPACESAIL BRAZIL LTDA.;Estrangeiro
SLK-KuKaE;Sistema Starlink;SPACE EXPLORATION HOLDINGS, LLC;STARLINK BRAZIL HOLDING LTDA.;Estrangeiro
TLS-Ka;Sistema Telesat Lightspeed;TELESAT LEO ULC;TELESAT BRASIL CAPACIDADE DE SATÉLITES LTDA;Estrangeiro
-43,1KuKu30B;SKY-B1;DIRECTV ENTERPRISES, LLC;INTELSAT BRASIL LTDA;Estrangeiro
-43,1KuKu30B;SKY-B1;DIRECTV LATIN AMERICA LLC;GLA BRASIL LTDA;Estrangeiro
-65Ku;STARONE C2;EMBRATEL TVSAT TELECOMUNICAÇÕES S.A.;EMBRATEL TVSAT TELECOMUNICAÇÕES S.A.;Brasileiro
-65CX;STARONE C2;EMBRATEL TVSAT TELECOMUNICAÇÕES S.A.;EMBRATEL TVSAT TELECOMUNICAÇÕES S.A.;Brasileiro
-75CKu;STARONE C3;EMBRATEL TVSAT TELECOMUNICAÇÕES S.A.;EMBRATEL TVSAT TELECOMUNICAÇÕES S.A.;Brasileiro
-70Ku3030AKa;STARONE C4;EMBRATEL TVSAT TELECOMUNICAÇÕES S.A.;EMBRATEL TVSAT TELECOMUNICAÇÕES S.A.;Brasileiro
-70Ku;STARONE C4;EMBRATEL TVSAT TELECOMUNICAÇÕES S.A.;EMBRATEL TVSAT TELECOMUNICAÇÕES S.A.;Brasileiro
-84KuKa;STARONE D1;EMBRATEL TVSAT TELECOMUNICAÇÕES S.A.;EMBRATEL TVSAT TELECOMUNICAÇÕES S.A.;Brasileiro
-84C;STARONE D1;EMBRATEL TVSAT TELECOMUNICAÇÕES S.A.;EMBRATEL TVSAT TELECOMUNICAÇÕES S.A.;Brasileiro
-70Ku;STARONE D2;EMBRATEL TVSAT TELECOMUNICAÇÕES S.A.;EMBRATEL TVSAT TELECOMUNICAÇÕES S.A.;Brasileiro
-70CX;STARONE D2;EMBRATEL TVSAT TELECOMUNICAÇÕES S.A.;EMBRATEL TVSAT TELECOMUNICAÇÕES S.A.;Brasileiro
-70Ku3030AKa;STARONE D2;EMBRATEL TVSAT TELECOMUNICAÇÕES S.A.;EMBRATEL TVSAT TELECOMUNICAÇÕES S.A.;Brasileiro
-15Ku;Telstar 12V;SKYNET SATELLITE CORPORATION;TELESAT BRASIL CAPACIDADE DE SATÉLITES LTDA;Estrangeiro
-63Ku;Telstar 19 Vantage;TELESAT BRASIL CAPACIDADE DE SATÉLITES LTDA;TELESAT BRASIL CAPACIDADE DE SATÉLITES LTDA;Brasileiro
-63Ka;Telstar 19 Vantage;TELESAT BRASIL CAPACIDADE DE SATÉLITES LTDA;TELESAT BRASIL CAPACIDADE DE SATÉLITES LTDA;Brasileiro
-63Ku30B;Telstar 19 Vantage;TELESAT BRASIL CAPACIDADE DE SATÉLITES LTDA;TELESAT BRASIL CAPACIDADE DE SATÉLITES LTDA;Brasileiro
-79Ka_2;ViaSat-3 (79W);VIASAT SATELLITE HOLDINGS, LTD.;VIASAT BRASIL PARTICIPAÇÕES LTDA.;Estrangeiro
-89Ka;ViaSat-3 (89W);"VIASAT INCORPORATED's";VIASAT BRASIL PARTICIPAÇÕES LTDA.;Estrangeiro
-89Ka;ViaSat-3 (89W);VIASAT SATELLITE HOLDINGS, LTD.;VIASAT BRASIL PARTICIPAÇÕES LTDA.;Estrangeiro
